,Strain,Media,Type of DOE,Plate,Incubation Time (h),Well position,Condition,pH,Glucose (g/L),Ammonium Sulfate (g/L),Phosphate + Citrate (x),YNB (x),Amino Acid 1 (mM),Amino acid 2 (g/L),Amino acid 2 (g/L).1,Ethanol (g/L),Replicate,Agit_rpm,Amino_acid_Mix (x) ,Calculated OD600 to Nanodrop,Residual glucose (g/l)
0,Strain A,SC_drop_out,Round_0_Definitive_screening_design,Plate 18,18,A1,1,4.5,35,3.0,0.2,1.25,3.5,0.5,0.0,5.0,1,300,1,6.373714242,21.03
1,Strain A,SC_drop_out,Round_0_Definitive_screening_design,Plate 18,18,A2,1,4.5,35,3.0,0.2,1.25,3.5,0.5,0.0,5.0,2,300,1,6.045974136,
2,Strain A,SC_drop_out,Round_0_Definitive_screening_design,Plate 18,18,A3,1,4.5,35,3.0,0.2,1.25,3.5,0.5,0.0,5.0,3,300,1,6.872585673,
3,Strain A,SC_drop_out,Round_0_Definitive_screening_design,Plate 18,18,A4,1,4.5,35,3.0,0.2,1.25,3.5,0.5,0.0,5.0,4,300,1,7.214207119,
4,Strain A,SC_drop_out,Round_0_Definitive_screening_design,Plate 18,18,A5,2,4.5,15,12.0,0.2,2.0,0.1,0.25,0.5,5.0,1,300,1,8.291436888,0.54
5,Strain A,SC_drop_out,Round_0_Definitive_screening_design,Plate 18,18,A6,2,4.5,15,12.0,0.2,2.0,0.1,0.25,0.5,5.0,2,300,1,8.547586788,
6,Strain A,SC_drop_out,Round_0_Definitive_screening_design,Plate 18,18,A7,2,4.5,15,12.0,0.2,2.0,0.1,0.25,0.5,5.0,3,300,1,8.970931387,
7,Strain A,SC_drop_out,Round_0_Definitive_screening_design,Plate 18,18,A8,2,4.5,15,12.0,0.2,2.0,0.1,0.25,0.5,5.0,4,300,1,8.837927581,
8,Strain A,SC_drop_out,Round_0_Definitive_screening_design,Plate 18,18,A9,3,4.5,15,3.0,1.0,2.0,0.1,0.5,0.0,2.5,1,300,1,7.830962186,0.31
9,Strain A,SC_drop_out,Round_0_Definitive_screening_design,Plate 18,18,A10,3,4.5,15,3.0,1.0,2.0,0.1,0.5,0.0,2.5,2,300,1,8.528363752,
10,Strain A,SC_drop_out,Round_0_Definitive_screening_design,Plate 18,18,A11,3,4.5,15,3.0,1.0,2.0,0.1,0.5,0.0,2.5,3,300,1,7.8816116,
11,Strain A,SC_drop_out,Round_0_Definitive_screening_design,Plate 18,18,A12,3,4.5,15,3.0,1.0,2.0,0.1,0.5,0.0,2.5,4,300,1,7.62987457,
12,Strain A,SC_drop_out,Round_0_Definitive_screening_design,Plate 18,18,B1,4,4.5,25,12.0,1.0,2.0,3.5,0.0,0.0,0.0,1,300,1,6.43790082,9.42
13,Strain A,SC_drop_out,Round_0_Definitive_screening_design,Plate 18,18,B2,4,4.5,25,12.0,1.0,2.0,3.5,0.0,0.0,0.0,2,300,1,6.524972815,
14,Strain A,SC_drop_out,Round_0_Definitive_screening_design,Plate 18,18,B3,4,4.5,25,12.0,1.0,2.0,3.5,0.0,0.0,0.0,3,300,1,6.830869452,
15,Strain A,SC_drop_out,Round_0_Definitive_screening_design,Plate 18,18,B4,4,4.5,25,12.0,1.0,2.0,3.5,0.0,0.0,0.0,4,300,1,6.600965855,
16,Strain A,SC_drop_out,Round_0_Definitive_screening_design,Plate 18,18,B5,5,4.5,35,7.5,1.0,0.5,0.1,0.5,0.5,0.0,1,300,1,7.521274277,20.27
17,Strain A,SC_drop_out,Round_0_Definitive_screening_design,Plate 18,18,B6,5,4.5,35,7.5,1.0,0.5,0.1,0.5,0.5,0.0,2,300,1,6.901985991,
18,Strain A,SC_drop_out,Round_0_Definitive_screening_design,Plate 18,18,B7,5,4.5,35,7.5,1.0,0.5,0.1,0.5,0.5,0.0,3,300,1,7.004049988,
19,Strain A,SC_drop_out,Round_0_Definitive_screening_design,Plate 18,18,B8,5,4.5,35,7.5,1.0,0.5,0.1,0.5,0.5,0.0,4,300,1,6.989698215,
20,Strain A,SC_drop_out,Round_0_Definitive_screening_design,Plate 18,18,B9,6,4.5,15,3.0,1.0,0.5,3.5,0.0,0.5,5.0,1,300,1,7.921787896,1.46
21,Strain A,SC_drop_out,Round_0_Definitive_screening_design,Plate 18,18,B10,6,4.5,15,3.0,1.0,0.5,3.5,0.0,0.5,5.0,2,300,1,7.954792315,
22,Strain A,SC_drop_out,Round_0_Definitive_screening_design,Plate 18,18,B11,6,4.5,15,3.0,1.0,0.5,3.5,0.0,0.5,5.0,3,300,1,7.39088959,
23,Strain A,SC_drop_out,Round_0_Definitive_screening_design,Plate 18,18,B12,6,4.5,15,3.0,1.0,0.5,3.5,0.0,0.5,5.0,4,300,1,6.814579837,
24,Strain A,SC_drop_out,Round_0_Definitive_screening_design,Plate 18,18,C1,7,4.5,35,3.0,0.2,2.0,1.8,0.0,0.5,0.0,1,300,1,6.72706015,16.48
25,Strain A,SC_drop_out,Round_0_Definitive_screening_design,Plate 18,18,C2,7,4.5,35,3.0,0.2,2.0,1.8,0.0,0.5,0.0,2,300,1,7.15591139,
26,Strain A,SC_drop_out,Round_0_Definitive_screening_design,Plate 18,18,C3,7,4.5,35,3.0,0.2,2.0,1.8,0.0,0.5,0.0,3,300,1,7.924780126,
27,Strain A,SC_drop_out,Round_0_Definitive_screening_design,Plate 18,18,C4,7,4.5,35,3.0,0.2,2.0,1.8,0.0,0.5,0.0,4,300,1,6.750394087,
28,Strain A,SC_drop_out,Round_0_Definitive_screening_design,Plate 18,18,C5,8,4.5,15,12.0,0.2,0.5,3.5,0.5,0.25,0.0,1,300,1,6.782957663,2.9
29,Strain A,SC_drop_out,Round_0_Definitive_screening_design,Plate 18,18,C6,8,4.5,15,12.0,0.2,0.5,3.5,0.5,0.25,0.0,2,300,1,6.296992214,
30,Strain A,SC_drop_out,Round_0_Definitive_screening_design,Plate 18,18,C7,8,4.5,15,12.0,0.2,0.5,3.5,0.5,0.25,0.0,3,300,1,6.07988258,
31,Strain A,SC_drop_out,Round_0_Definitive_screening_design,Plate 18,18,C8,8,4.5,15,12.0,0.2,0.5,3.5,0.5,0.25,0.0,4,300,1,6.538293386,
32,Strain A,SC_drop_out,Round_0_Definitive_screening_design,Plate 18,18,C9,9,4.5,35,12.0,0.6,0.5,0.1,0.0,0.0,5.0,1,300,1,6.364260194,19.31
33,Strain A,SC_drop_out,Round_0_Definitive_screening_design,Plate 18,18,C10,9,4.5,35,12.0,0.6,0.5,0.1,0.0,0.0,5.0,2,300,1,6.868948524,
34,Strain A,SC_drop_out,Round_0_Definitive_screening_design,Plate 18,18,C11,9,4.5,35,12.0,0.6,0.5,0.1,0.0,0.0,5.0,3,300,1,6.739593516,
35,Strain A,SC_drop_out,Round_0_Definitive_screening_design,Plate 18,18,C12,9,4.5,35,12.0,0.6,0.5,0.1,0.0,0.0,5.0,4,300,1,6.660060535,
36,Strain A,SC_drop_out,Round_0_Definitive_screening_design,Plate 18,18,D1,10,5.5,35,12.0,1.0,2.0,3.5,0.5,0.5,5.0,1,300,1,5.959976309,18.36
37,Strain A,SC_drop_out,Round_0_Definitive_screening_design,Plate 18,18,D2,10,5.5,35,12.0,1.0,2.0,3.5,0.5,0.5,5.0,2,300,1,5.816307082,
38,Strain A,SC_drop_out,Round_0_Definitive_screening_design,Plate 18,18,D3,10,5.5,35,12.0,1.0,2.0,3.5,0.5,0.5,5.0,3,300,1,5.767737011,
39,Strain A,SC_drop_out,Round_0_Definitive_screening_design,Plate 18,18,D4,10,5.5,35,12.0,1.0,2.0,3.5,0.5,0.5,5.0,4,300,1,5.920412047,
40,Strain A,SC_drop_out,Round_0_Definitive_screening_design,Plate 18,18,D5,11,5.5,25,7.5,0.6,1.25,1.8,0.25,0.25,2.5,1,300,1,6.805206882,10.05
41,Strain A,SC_drop_out,Round_0_Definitive_screening_design,Plate 18,18,D6,11,5.5,25,7.5,0.6,1.25,1.8,0.25,0.25,2.5,2,300,1,7.139286216,
42,Strain A,SC_drop_out,Round_0_Definitive_screening_design,Plate 18,18,D7,11,5.5,25,7.5,0.6,1.25,1.8,0.25,0.25,2.5,3,300,1,6.283097033,
43,Strain A,SC_drop_out,Round_0_Definitive_screening_design,Plate 18,18,D8,11,5.5,25,7.5,0.6,1.25,1.8,0.25,0.25,2.5,4,300,1,6.895943922,
44,Strain A,SC_drop_out,Round_0_Definitive_screening_design,Plate 18,18,D9,12,5.5,15,3.0,0.2,0.5,0.1,0.0,0.0,0.0,1,300,1,7.643912336,0.53
45,Strain A,SC_drop_out,Round_0_Definitive_screening_design,Plate 18,18,D10,12,5.5,15,3.0,0.2,0.5,0.1,0.0,0.0,0.0,2,300,1,7.546710863,
46,Strain A,SC_drop_out,Round_0_Definitive_screening_design,Plate 18,18,D11,12,5.5,15,3.0,0.2,0.5,0.1,0.0,0.0,0.0,3,300,1,7.076833299,
47,Strain A,SC_drop_out,Round_0_Definitive_screening_design,Plate 18,18,D12,12,5.5,15,3.0,0.2,0.5,0.1,0.0,0.0,0.0,4,300,1,7.178964583,
48,Strain A,SC_drop_out,Round_0_Definitive_screening_design,Plate 18,18,E1,13,6.5,35,12.0,0.2,2.0,0.1,0.5,0.0,0.0,1,300,1,5.222923608,22.1
49,Strain A,SC_drop_out,Round_0_Definitive_screening_design,Plate 18,18,E2,13,6.5,35,12.0,0.2,2.0,0.1,0.5,0.0,0.0,2,300,1,5.638883495,
50,Strain A,SC_drop_out,Round_0_Definitive_screening_design,Plate 18,18,E3,13,6.5,35,12.0,0.2,2.0,0.1,0.5,0.0,0.0,3,300,1,6.094741363,
51,Strain A,SC_drop_out,Round_0_Definitive_screening_design,Plate 18,18,E4,13,6.5,35,12.0,0.2,2.0,0.1,0.5,0.0,0.0,4,300,1,6.271136968,
52,Strain A,SC_drop_out,Round_0_Definitive_screening_design,Plate 18,18,E5,14,6.5,15,12.0,1.0,1.25,0.1,0.0,0.5,0.0,1,300,1,2.642466671,11.03
53,Strain A,SC_drop_out,Round_0_Definitive_screening_design,Plate 18,18,E6,14,6.5,15,12.0,1.0,1.25,0.1,0.0,0.5,0.0,2,300,1,1.822785253,
54,Strain A,SC_drop_out,Round_0_Definitive_screening_design,Plate 18,18,E7,14,6.5,15,12.0,1.0,1.25,0.1,0.0,0.5,0.0,3,300,1,2.36247369,
55,Strain A,SC_drop_out,Round_0_Definitive_screening_design,Plate 18,18,E8,14,6.5,15,12.0,1.0,1.25,0.1,0.0,0.5,0.0,4,300,1,2.423474159,
56,Strain A,SC_drop_out,Round_0_Definitive_screening_design,Plate 18,18,E9,15,6.5,15,7.5,0.2,2.0,3.5,0.0,0.0,5.0,1,300,1,8.061733404,1.28
57,Strain A,SC_drop_out,Round_0_Definitive_screening_design,Plate 18,18,E10,15,6.5,15,7.5,0.2,2.0,3.5,0.0,0.0,5.0,2,300,1,7.650661954,
58,Strain A,SC_drop_out,Round_0_Definitive_screening_design,Plate 18,18,E11,15,6.5,15,7.5,0.2,2.0,3.5,0.0,0.0,5.0,3,300,1,7.35094752,
59,Strain A,SC_drop_out,Round_0_Definitive_screening_design,Plate 18,18,E12,15,6.5,15,7.5,0.2,2.0,3.5,0.0,0.0,5.0,4,300,1,6.471145128,
60,Strain A,SC_drop_out,Round_0_Definitive_screening_design,Plate 18,18,F1,16,6.5,35,3.0,1.0,0.5,3.5,0.25,0.0,0.0,1,300,1,0.216488936,34.59
61,Strain A,SC_drop_out,Round_0_Definitive_screening_design,Plate 18,18,F2,16,6.5,35,3.0,1.0,0.5,3.5,0.25,0.0,0.0,2,300,1,0.169806274,
62,Strain A,SC_drop_out,Round_0_Definitive_screening_design,Plate 18,18,F3,16,6.5,35,3.0,1.0,0.5,3.5,0.25,0.0,0.0,3,300,1,0.210161873,
63,Strain A,SC_drop_out,Round_0_Definitive_screening_design,Plate 18,18,F4,16,6.5,35,3.0,1.0,0.5,3.5,0.25,0.0,0.0,4,300,1,0.195785989,
64,Strain A,SC_drop_out,Round_0_Definitive_screening_design,Plate 18,18,F5,17,6.5,35,3.0,1.0,2.0,0.1,0.0,0.25,5.0,1,300,1,5.200494388,23.18
65,Strain A,SC_drop_out,Round_0_Definitive_screening_design,Plate 18,18,F6,17,6.5,35,3.0,1.0,2.0,0.1,0.0,0.25,5.0,2,300,1,5.047497588,
66,Strain A,SC_drop_out,Round_0_Definitive_screening_design,Plate 18,18,F7,17,6.5,35,3.0,1.0,2.0,0.1,0.0,0.25,5.0,3,300,1,4.613976201,
67,Strain A,SC_drop_out,Round_0_Definitive_screening_design,Plate 18,18,F8,17,6.5,35,3.0,1.0,2.0,0.1,0.0,0.25,5.0,4,300,1,5.072840222,
68,Strain A,SC_drop_out,Round_0_Definitive_screening_design,Plate 18,18,F9,18,6.5,15,12.0,1.0,0.5,1.8,0.5,0.0,5.0,1,300,1,0.674862452,13.21
69,Strain A,SC_drop_out,Round_0_Definitive_screening_design,Plate 18,18,F10,18,6.5,15,12.0,1.0,0.5,1.8,0.5,0.0,5.0,2,300,1,0.602358744,
70,Strain A,SC_drop_out,Round_0_Definitive_screening_design,Plate 18,18,F11,18,6.5,15,12.0,1.0,0.5,1.8,0.5,0.0,5.0,3,300,1,0.492828399,
71,Strain A,SC_drop_out,Round_0_Definitive_screening_design,Plate 18,18,F12,18,6.5,15,12.0,1.0,0.5,1.8,0.5,0.0,5.0,4,300,1,0.527831356,
72,Strain A,SC_drop_out,Round_0_Definitive_screening_design,Plate 18,18,G1,19,6.5,35,12.0,0.2,0.5,3.5,0.0,0.5,2.5,1,300,1,3.712991857,28.16
73,Strain A,SC_drop_out,Round_0_Definitive_screening_design,Plate 18,18,G2,19,6.5,35,12.0,0.2,0.5,3.5,0.0,0.5,2.5,2,300,1,3.808011784,
74,Strain A,SC_drop_out,Round_0_Definitive_screening_design,Plate 18,18,G3,19,6.5,35,12.0,0.2,0.5,3.5,0.0,0.5,2.5,3,300,1,3.952768207,
75,Strain A,SC_drop_out,Round_0_Definitive_screening_design,Plate 18,18,G4,19,6.5,35,12.0,0.2,0.5,3.5,0.0,0.5,2.5,4,300,1,3.075309649,
76,Strain A,SC_drop_out,Round_0_Definitive_screening_design,Plate 18,18,G5,20,6.5,25,3.0,0.2,0.5,0.1,0.5,0.5,5.0,1,300,1,5.82834361,16.15
77,Strain A,SC_drop_out,Round_0_Definitive_screening_design,Plate 18,18,G6,20,6.5,25,3.0,0.2,0.5,0.1,0.5,0.5,5.0,2,300,1,7.801599511,
78,Strain A,SC_drop_out,Round_0_Definitive_screening_design,Plate 18,18,G7,20,6.5,25,3.0,0.2,0.5,0.1,0.5,0.5,5.0,3,300,1,6.750687295,
79,Strain A,SC_drop_out,Round_0_Definitive_screening_design,Plate 18,18,G8,20,6.5,25,3.0,0.2,0.5,0.1,0.5,0.5,5.0,4,300,1,7.136273241,
80,Strain A,SC_drop_out,Round_0_Definitive_screening_design,Plate 18,18,G9,21,6.5,15,3.0,0.6,2.0,3.5,0.5,0.5,0.0,1,300,1,6.858813822,3.3
81,Strain A,SC_drop_out,Round_0_Definitive_screening_design,Plate 18,18,G10,21,6.5,15,3.0,0.6,2.0,3.5,0.5,0.5,0.0,2,300,1,6.47115566,
82,Strain A,SC_drop_out,Round_0_Definitive_screening_design,Plate 18,18,G11,21,6.5,15,3.0,0.6,2.0,3.5,0.5,0.5,0.0,3,300,1,5.833395989,
83,Strain A,SC_drop_out,Round_0_Definitive_screening_design,Plate 18,18,G12,21,6.5,15,3.0,0.6,2.0,3.5,0.5,0.5,0.0,4,300,1,7.061392304,
84,Strain A,SC_drop_out,Round_0_Definitive_screening_design,Plate 18,18,H1,22,5.5,15,3.0,1.0,0.5,0.0,0.0,0.0,0.0,1,300,1,5.359959219,5.59
85,Strain A,SC_drop_out,Round_0_Definitive_screening_design,Plate 18,18,H2,22,5.5,15,3.0,1.0,0.5,0.0,0.0,0.0,0.0,2,300,1,6.357621556,
86,Strain A,SC_drop_out,Round_0_Definitive_screening_design,Plate 18,18,H3,22,5.5,15,3.0,1.0,0.5,0.0,0.0,0.0,0.0,3,300,1,5.548695193,
87,Strain A,SC_drop_out,Round_0_Definitive_screening_design,Plate 18,18,H4,22,5.5,15,3.0,1.0,0.5,0.0,0.0,0.0,0.0,4,300,1,5.810211055,
88,Strain A,SC_drop_out,Round_0_Definitive_screening_design,Plate 18,18,H5,23,4.5,15,3.0,1.0,0.5,0.0,0.0,0.0,0.0,1,300,1,8.438959683,1.48
89,Strain A,SC_drop_out,Round_0_Definitive_screening_design,Plate 18,18,H6,23,4.5,15,3.0,1.0,0.5,0.0,0.0,0.0,0.0,2,300,1,8.596015916,
90,Strain A,SC_drop_out,Round_0_Definitive_screening_design,Plate 18,18,H7,23,4.5,15,3.0,1.0,0.5,0.0,0.0,0.0,0.0,3,300,1,8.051811614,
91,Strain A,SC_drop_out,Round_0_Definitive_screening_design,Plate 18,18,H8,23,4.5,15,3.0,1.0,0.5,0.0,0.0,0.0,0.0,4,300,1,9.388663287,
92,Strain A,SC_drop_out,Round_0_Definitive_screening_design,Plate 18,18,H9,24,6.5,15,12.0,1.0,2.0,0.0,0.5,0.5,2.5,1,300,1,1.18783806,12.87
93,Strain A,SC_drop_out,Round_0_Definitive_screening_design,Plate 18,18,H10,24,6.5,15,12.0,1.0,2.0,0.0,0.5,0.5,2.5,2,300,1,1.048401243,
94,Strain A,SC_drop_out,Round_0_Definitive_screening_design,Plate 18,18,H11,24,6.5,15,12.0,1.0,2.0,0.0,0.5,0.5,2.5,3,300,1,0.871115054,
95,Strain A,SC_drop_out,Round_0_Definitive_screening_design,Plate 18,18,H12,24,6.5,15,12.0,1.0,2.0,0.0,0.5,0.5,2.5,4,300,1,3.800027472,
96,Strain B,SC_drop_out,Round_0_Definitive_screening_design,Plate 19,18,A1,1,4.5,35,3.0,0.2,1.25,3.5,0.5,0.0,5.0,1,300,1,19.77642781,0.0
97,Strain B,SC_drop_out,Round_0_Definitive_screening_design,Plate 19,18,A2,1,4.5,35,3.0,0.2,1.25,3.5,0.5,0.0,5.0,2,300,1,17.64932485,
98,Strain B,SC_drop_out,Round_0_Definitive_screening_design,Plate 19,18,A3,1,4.5,35,3.0,0.2,1.25,3.5,0.5,0.0,5.0,3,300,1,16.13714134,
99,Strain B,SC_drop_out,Round_0_Definitive_screening_design,Plate 19,18,A4,1,4.5,35,3.0,0.2,1.25,3.5,0.5,0.0,5.0,4,300,1,20.67525644,
100,Strain B,SC_drop_out,Round_0_Definitive_screening_design,Plate 19,18,A5,2,4.5,15,12.0,0.2,2.0,0.1,0.25,0.5,5.0,1,300,1,11.76520081,0.0
101,Strain B,SC_drop_out,Round_0_Definitive_screening_design,Plate 19,18,A6,2,4.5,15,12.0,0.2,2.0,0.1,0.25,0.5,5.0,2,300,1,11.02654828,
102,Strain B,SC_drop_out,Round_0_Definitive_screening_design,Plate 19,18,A7,2,4.5,15,12.0,0.2,2.0,0.1,0.25,0.5,5.0,3,300,1,11.50820636,
103,Strain B,SC_drop_out,Round_0_Definitive_screening_design,Plate 19,18,A8,2,4.5,15,12.0,0.2,2.0,0.1,0.25,0.5,5.0,4,300,1,11.0360079,
104,Strain B,SC_drop_out,Round_0_Definitive_screening_design,Plate 19,18,A9,3,4.5,15,3.0,1.0,2.0,0.1,0.5,0.0,2.5,1,300,1,10.73037707,0.0
105,Strain B,SC_drop_out,Round_0_Definitive_screening_design,Plate 19,18,A10,3,4.5,15,3.0,1.0,2.0,0.1,0.5,0.0,2.5,2,300,1,10.97356442,
106,Strain B,SC_drop_out,Round_0_Definitive_screening_design,Plate 19,18,A11,3,4.5,15,3.0,1.0,2.0,0.1,0.5,0.0,2.5,3,300,1,11.00693816,
107,Strain B,SC_drop_out,Round_0_Definitive_screening_design,Plate 19,18,A12,3,4.5,15,3.0,1.0,2.0,0.1,0.5,0.0,2.5,4,300,1,10.71329579,
108,Strain B,SC_drop_out,Round_0_Definitive_screening_design,Plate 19,18,B1,4,4.5,25,12.0,1.0,2.0,3.5,0.0,0.0,0.0,1,300,1,14.001723,0.0
109,Strain B,SC_drop_out,Round_0_Definitive_screening_design,Plate 19,18,B2,4,4.5,25,12.0,1.0,2.0,3.5,0.0,0.0,0.0,2,300,1,15.13745776,
110,Strain B,SC_drop_out,Round_0_Definitive_screening_design,Plate 19,18,B3,4,4.5,25,12.0,1.0,2.0,3.5,0.0,0.0,0.0,3,300,1,16.51351343,
111,Strain B,SC_drop_out,Round_0_Definitive_screening_design,Plate 19,18,B4,4,4.5,25,12.0,1.0,2.0,3.5,0.0,0.0,0.0,4,300,1,15.89271753,
112,Strain B,SC_drop_out,Round_0_Definitive_screening_design,Plate 19,18,B5,5,4.5,35,7.5,1.0,0.5,0.1,0.5,0.5,0.0,1,300,1,13.43826348,4.82
113,Strain B,SC_drop_out,Round_0_Definitive_screening_design,Plate 19,18,B6,5,4.5,35,7.5,1.0,0.5,0.1,0.5,0.5,0.0,2,300,1,13.106542,
114,Strain B,SC_drop_out,Round_0_Definitive_screening_design,Plate 19,18,B7,5,4.5,35,7.5,1.0,0.5,0.1,0.5,0.5,0.0,3,300,1,14.47585924,
115,Strain B,SC_drop_out,Round_0_Definitive_screening_design,Plate 19,18,B8,5,4.5,35,7.5,1.0,0.5,0.1,0.5,0.5,0.0,4,300,1,14.12224625,
116,Strain B,SC_drop_out,Round_0_Definitive_screening_design,Plate 19,18,B9,6,4.5,15,3.0,1.0,0.5,3.5,0.0,0.5,5.0,1,300,1,11.10340332,0.0
117,Strain B,SC_drop_out,Round_0_Definitive_screening_design,Plate 19,18,B10,6,4.5,15,3.0,1.0,0.5,3.5,0.0,0.5,5.0,2,300,1,9.763397368,
118,Strain B,SC_drop_out,Round_0_Definitive_screening_design,Plate 19,18,B11,6,4.5,15,3.0,1.0,0.5,3.5,0.0,0.5,5.0,3,300,1,9.613463059,
119,Strain B,SC_drop_out,Round_0_Definitive_screening_design,Plate 19,18,B12,6,4.5,15,3.0,1.0,0.5,3.5,0.0,0.5,5.0,4,300,1,9.239688305,
120,Strain B,SC_drop_out,Round_0_Definitive_screening_design,Plate 19,18,C1,7,4.5,35,3.0,0.2,2.0,1.8,0.0,0.5,0.0,1,300,1,22.71440956,0.0
121,Strain B,SC_drop_out,Round_0_Definitive_screening_design,Plate 19,18,C2,7,4.5,35,3.0,0.2,2.0,1.8,0.0,0.5,0.0,2,300,1,23.854128,
122,Strain B,SC_drop_out,Round_0_Definitive_screening_design,Plate 19,18,C3,7,4.5,35,3.0,0.2,2.0,1.8,0.0,0.5,0.0,3,300,1,24.65212227,
123,Strain B,SC_drop_out,Round_0_Definitive_screening_design,Plate 19,18,C4,7,4.5,35,3.0,0.2,2.0,1.8,0.0,0.5,0.0,4,300,1,25.95607984,
124,Strain B,SC_drop_out,Round_0_Definitive_screening_design,Plate 19,18,C5,8,4.5,15,12.0,0.2,0.5,3.5,0.5,0.25,0.0,1,300,1,11.47570085,0.0
125,Strain B,SC_drop_out,Round_0_Definitive_screening_design,Plate 19,18,C6,8,4.5,15,12.0,0.2,0.5,3.5,0.5,0.25,0.0,2,300,1,11.12184611,
126,Strain B,SC_drop_out,Round_0_Definitive_screening_design,Plate 19,18,C7,8,4.5,15,12.0,0.2,0.5,3.5,0.5,0.25,0.0,3,300,1,10.91461447,
127,Strain B,SC_drop_out,Round_0_Definitive_screening_design,Plate 19,18,C8,8,4.5,15,12.0,0.2,0.5,3.5,0.5,0.25,0.0,4,300,1,10.3862799,
128,Strain B,SC_drop_out,Round_0_Definitive_screening_design,Plate 19,18,C9,9,4.5,35,12.0,0.6,0.5,0.1,0.0,0.0,5.0,1,300,1,15.6570594,1.0
129,Strain B,SC_drop_out,Round_0_Definitive_screening_design,Plate 19,18,C10,9,4.5,35,12.0,0.6,0.5,0.1,0.0,0.0,5.0,2,300,1,14.01205909,
130,Strain B,SC_drop_out,Round_0_Definitive_screening_design,Plate 19,18,C11,9,4.5,35,12.0,0.6,0.5,0.1,0.0,0.0,5.0,3,300,1,14.23466016,
131,Strain B,SC_drop_out,Round_0_Definitive_screening_design,Plate 19,18,C12,9,4.5,35,12.0,0.6,0.5,0.1,0.0,0.0,5.0,4,300,1,14.48245757,
132,Strain B,SC_drop_out,Round_0_Definitive_screening_design,Plate 19,18,D1,10,5.5,35,12.0,1.0,2.0,3.5,0.5,0.5,5.0,1,300,1,18.53491142,0.0
133,Strain B,SC_drop_out,Round_0_Definitive_screening_design,Plate 19,18,D2,10,5.5,35,12.0,1.0,2.0,3.5,0.5,0.5,5.0,2,300,1,18.58536982,
134,Strain B,SC_drop_out,Round_0_Definitive_screening_design,Plate 19,18,D3,10,5.5,35,12.0,1.0,2.0,3.5,0.5,0.5,5.0,3,300,1,22.81347243,
135,Strain B,SC_drop_out,Round_0_Definitive_screening_design,Plate 19,18,D4,10,5.5,35,12.0,1.0,2.0,3.5,0.5,0.5,5.0,4,300,1,21.15214742,
136,Strain B,SC_drop_out,Round_0_Definitive_screening_design,Plate 19,18,D5,11,5.5,25,7.5,0.6,1.25,1.8,0.25,0.25,2.5,1,300,1,19.37769933,0.0
137,Strain B,SC_drop_out,Round_0_Definitive_screening_design,Plate 19,18,D6,11,5.5,25,7.5,0.6,1.25,1.8,0.25,0.25,2.5,2,300,1,22.07529982,
138,Strain B,SC_drop_out,Round_0_Definitive_screening_design,Plate 19,18,D7,11,5.5,25,7.5,0.6,1.25,1.8,0.25,0.25,2.5,3,300,1,18.73248447,
139,Strain B,SC_drop_out,Round_0_Definitive_screening_design,Plate 19,18,D8,11,5.5,25,7.5,0.6,1.25,1.8,0.25,0.25,2.5,4,300,1,17.36885228,
140,Strain B,SC_drop_out,Round_0_Definitive_screening_design,Plate 19,18,D9,12,5.5,15,3.0,0.2,0.5,0.1,0.0,0.0,0.0,1,300,1,11.76065371,0.0
141,Strain B,SC_drop_out,Round_0_Definitive_screening_design,Plate 19,18,D10,12,5.5,15,3.0,0.2,0.5,0.1,0.0,0.0,0.0,2,300,1,10.57743559,
142,Strain B,SC_drop_out,Round_0_Definitive_screening_design,Plate 19,18,D11,12,5.5,15,3.0,0.2,0.5,0.1,0.0,0.0,0.0,3,300,1,10.84968113,
143,Strain B,SC_drop_out,Round_0_Definitive_screening_design,Plate 19,18,D12,12,5.5,15,3.0,0.2,0.5,0.1,0.0,0.0,0.0,4,300,1,10.6132552,
144,Strain B,SC_drop_out,Round_0_Definitive_screening_design,Plate 19,18,E1,13,6.5,35,12.0,0.2,2.0,0.1,0.5,0.0,0.0,1,300,1,23.13480565,0.0
145,Strain B,SC_drop_out,Round_0_Definitive_screening_design,Plate 19,18,E2,13,6.5,35,12.0,0.2,2.0,0.1,0.5,0.0,0.0,2,300,1,22.6095117,
146,Strain B,SC_drop_out,Round_0_Definitive_screening_design,Plate 19,18,E3,13,6.5,35,12.0,0.2,2.0,0.1,0.5,0.0,0.0,3,300,1,24.24149525,
147,Strain B,SC_drop_out,Round_0_Definitive_screening_design,Plate 19,18,E4,13,6.5,35,12.0,0.2,2.0,0.1,0.5,0.0,0.0,4,300,1,24.10922297,
148,Strain B,SC_drop_out,Round_0_Definitive_screening_design,Plate 19,18,E5,14,6.5,15,12.0,1.0,1.25,0.1,0.0,0.5,0.0,1,300,1,10.38373418,0.0
149,Strain B,SC_drop_out,Round_0_Definitive_screening_design,Plate 19,18,E6,14,6.5,15,12.0,1.0,1.25,0.1,0.0,0.5,0.0,2,300,1,8.765568241,
150,Strain B,SC_drop_out,Round_0_Definitive_screening_design,Plate 19,18,E7,14,6.5,15,12.0,1.0,1.25,0.1,0.0,0.5,0.0,3,300,1,9.133636394,
151,Strain B,SC_drop_out,Round_0_Definitive_screening_design,Plate 19,18,E8,14,6.5,15,12.0,1.0,1.25,0.1,0.0,0.5,0.0,4,300,1,10.1271804,
152,Strain B,SC_drop_out,Round_0_Definitive_screening_design,Plate 19,18,E9,15,6.5,15,7.5,0.2,2.0,3.5,0.0,0.0,5.0,1,300,1,12.41746726,0.0
153,Strain B,SC_drop_out,Round_0_Definitive_screening_design,Plate 19,18,E10,15,6.5,15,7.5,0.2,2.0,3.5,0.0,0.0,5.0,2,300,1,10.84014969,
154,Strain B,SC_drop_out,Round_0_Definitive_screening_design,Plate 19,18,E11,15,6.5,15,7.5,0.2,2.0,3.5,0.0,0.0,5.0,3,300,1,11.43921106,
155,Strain B,SC_drop_out,Round_0_Definitive_screening_design,Plate 19,18,E12,15,6.5,15,7.5,0.2,2.0,3.5,0.0,0.0,5.0,4,300,1,10.21673533,
156,Strain B,SC_drop_out,Round_0_Definitive_screening_design,Plate 19,18,F1,16,6.5,35,3.0,1.0,0.5,3.5,0.25,0.0,0.0,1,300,1,1.153812165,29.89
157,Strain B,SC_drop_out,Round_0_Definitive_screening_design,Plate 19,18,F2,16,6.5,35,3.0,1.0,0.5,3.5,0.25,0.0,0.0,2,300,1,2.118029952,
158,Strain B,SC_drop_out,Round_0_Definitive_screening_design,Plate 19,18,F3,16,6.5,35,3.0,1.0,0.5,3.5,0.25,0.0,0.0,3,300,1,0.593438538,
159,Strain B,SC_drop_out,Round_0_Definitive_screening_design,Plate 19,18,F4,16,6.5,35,3.0,1.0,0.5,3.5,0.25,0.0,0.0,4,300,1,1.135172641,
160,Strain B,SC_drop_out,Round_0_Definitive_screening_design,Plate 19,18,F5,17,6.5,35,3.0,1.0,2.0,0.1,0.0,0.25,5.0,1,300,1,9.9930393,16.66
161,Strain B,SC_drop_out,Round_0_Definitive_screening_design,Plate 19,18,F6,17,6.5,35,3.0,1.0,2.0,0.1,0.0,0.25,5.0,2,300,1,9.863541975,
162,Strain B,SC_drop_out,Round_0_Definitive_screening_design,Plate 19,18,F7,17,6.5,35,3.0,1.0,2.0,0.1,0.0,0.25,5.0,3,300,1,13.79664616,
163,Strain B,SC_drop_out,Round_0_Definitive_screening_design,Plate 19,18,F8,17,6.5,35,3.0,1.0,2.0,0.1,0.0,0.25,5.0,4,300,1,12.93301034,
164,Strain B,SC_drop_out,Round_0_Definitive_screening_design,Plate 19,18,F9,18,6.5,15,12.0,1.0,0.5,1.8,0.5,0.0,5.0,1,300,1,4.078019435,6.2
165,Strain B,SC_drop_out,Round_0_Definitive_screening_design,Plate 19,18,F10,18,6.5,15,12.0,1.0,0.5,1.8,0.5,0.0,5.0,2,300,1,5.297892963,
166,Strain B,SC_drop_out,Round_0_Definitive_screening_design,Plate 19,18,F11,18,6.5,15,12.0,1.0,0.5,1.8,0.5,0.0,5.0,3,300,1,5.285523395,
167,Strain B,SC_drop_out,Round_0_Definitive_screening_design,Plate 19,18,F12,18,6.5,15,12.0,1.0,0.5,1.8,0.5,0.0,5.0,4,300,1,5.108241421,
168,Strain B,SC_drop_out,Round_0_Definitive_screening_design,Plate 19,18,G1,19,6.5,35,12.0,0.2,0.5,3.5,0.0,0.5,2.5,1,300,1,15.92804383,1.88
169,Strain B,SC_drop_out,Round_0_Definitive_screening_design,Plate 19,18,G2,19,6.5,35,12.0,0.2,0.5,3.5,0.0,0.5,2.5,2,300,1,17.23371117,
170,Strain B,SC_drop_out,Round_0_Definitive_screening_design,Plate 19,18,G3,19,6.5,35,12.0,0.2,0.5,3.5,0.0,0.5,2.5,3,300,1,15.58081577,
171,Strain B,SC_drop_out,Round_0_Definitive_screening_design,Plate 19,18,G4,19,6.5,35,12.0,0.2,0.5,3.5,0.0,0.5,2.5,4,300,1,18.20105978,
172,Strain B,SC_drop_out,Round_0_Definitive_screening_design,Plate 19,18,G5,20,6.5,25,3.0,0.2,0.5,0.1,0.5,0.5,5.0,1,300,1,16.91104465,0.0
173,Strain B,SC_drop_out,Round_0_Definitive_screening_design,Plate 19,18,G6,20,6.5,25,3.0,0.2,0.5,0.1,0.5,0.5,5.0,2,300,1,20.02220601,
174,Strain B,SC_drop_out,Round_0_Definitive_screening_design,Plate 19,18,G7,20,6.5,25,3.0,0.2,0.5,0.1,0.5,0.5,5.0,3,300,1,18.32124947,
175,Strain B,SC_drop_out,Round_0_Definitive_screening_design,Plate 19,18,G8,20,6.5,25,3.0,0.2,0.5,0.1,0.5,0.5,5.0,4,300,1,16.97166944,
176,Strain B,SC_drop_out,Round_0_Definitive_screening_design,Plate 19,18,G9,21,6.5,15,3.0,0.6,2.0,3.5,0.5,0.5,0.0,1,300,1,12.72654018,0.0
177,Strain B,SC_drop_out,Round_0_Definitive_screening_design,Plate 19,18,G10,21,6.5,15,3.0,0.6,2.0,3.5,0.5,0.5,0.0,2,300,1,13.67987199,
178,Strain B,SC_drop_out,Round_0_Definitive_screening_design,Plate 19,18,G11,21,6.5,15,3.0,0.6,2.0,3.5,0.5,0.5,0.0,3,300,1,13.88273289,
179,Strain B,SC_drop_out,Round_0_Definitive_screening_design,Plate 19,18,G12,21,6.5,15,3.0,0.6,2.0,3.5,0.5,0.5,0.0,4,300,1,11.65560573,
180,Strain B,SC_drop_out,Round_0_Definitive_screening_design,Plate 19,18,H1,22,5.5,15,3.0,1.0,0.5,0.0,0.0,0.0,0.0,1,300,1,8.878321929,0.0
181,Strain B,SC_drop_out,Round_0_Definitive_screening_design,Plate 19,18,H2,22,5.5,15,3.0,1.0,0.5,0.0,0.0,0.0,0.0,2,300,1,9.530006993,
182,Strain B,SC_drop_out,Round_0_Definitive_screening_design,Plate 19,18,H3,22,5.5,15,3.0,1.0,0.5,0.0,0.0,0.0,0.0,3,300,1,9.107298853,
183,Strain B,SC_drop_out,Round_0_Definitive_screening_design,Plate 19,18,H4,22,5.5,15,3.0,1.0,0.5,0.0,0.0,0.0,0.0,4,300,1,10.03275303,
184,Strain B,SC_drop_out,Round_0_Definitive_screening_design,Plate 19,18,H5,23,4.5,15,3.0,1.0,0.5,0.0,0.0,0.0,0.0,1,300,1,10.90829062,0.0
185,Strain B,SC_drop_out,Round_0_Definitive_screening_design,Plate 19,18,H6,23,4.5,15,3.0,1.0,0.5,0.0,0.0,0.0,0.0,2,300,1,10.90044523,
186,Strain B,SC_drop_out,Round_0_Definitive_screening_design,Plate 19,18,H7,23,4.5,15,3.0,1.0,0.5,0.0,0.0,0.0,0.0,3,300,1,11.45610286,
187,Strain B,SC_drop_out,Round_0_Definitive_screening_design,Plate 19,18,H8,23,4.5,15,3.0,1.0,0.5,0.0,0.0,0.0,0.0,4,300,1,10.42182136,
188,Strain B,SC_drop_out,Round_0_Definitive_screening_design,Plate 19,18,H9,24,6.5,15,12.0,1.0,2.0,0.0,0.5,0.5,2.5,1,300,1,9.465078127,0.0
189,Strain B,SC_drop_out,Round_0_Definitive_screening_design,Plate 19,18,H10,24,6.5,15,12.0,1.0,2.0,0.0,0.5,0.5,2.5,2,300,1,9.3074838,
190,Strain B,SC_drop_out,Round_0_Definitive_screening_design,Plate 19,18,H11,24,6.5,15,12.0,1.0,2.0,0.0,0.5,0.5,2.5,3,300,1,9.985271221,
191,Strain B,SC_drop_out,Round_0_Definitive_screening_design,Plate 19,18,H12,24,6.5,15,12.0,1.0,2.0,0.0,0.5,0.5,2.5,4,300,1,10.34669998,
192,Strain A,SC_drop_out,Round_1_central_composite_design,Plate 20,18,A11,1,4.0,35,3.0,1.0,0.75,3.5,0.0,0.1,5.0,1,300,1,7.8432,5.550721103
193,Strain A,SC_drop_out,Round_1_central_composite_design,Plate 20,18,F10,1,4.0,35,3.0,1.0,0.75,3.5,0.0,0.1,5.0,2,300,1,7.248,
194,Strain A,SC_drop_out,Round_1_central_composite_design,Plate 20,18,B10,1,4.0,35,3.0,1.0,0.75,3.5,0.0,0.1,5.0,3,300,1,7.9584,
195,Strain A,SC_drop_out,Round_1_central_composite_design,Plate 20,18,G12,1,4.0,35,3.0,1.0,0.75,3.5,0.0,0.1,5.0,4,300,1,7.1232,
196,Strain A,SC_drop_out,Round_1_central_composite_design,Plate 20,18,B5,2,4.0,35,3.0,1.0,1.25,3.5,0.0,0.5,5.0,1,300,1,8.0016,2.795591575
197,Strain A,SC_drop_out,Round_1_central_composite_design,Plate 20,18,H10,2,4.0,35,3.0,1.0,1.25,3.5,0.0,0.5,5.0,2,300,1,7.5312,
198,Strain A,SC_drop_out,Round_1_central_composite_design,Plate 20,18,F9,2,4.0,35,3.0,1.0,1.25,3.5,0.0,0.5,5.0,3,300,1,7.8096,
199,Strain A,SC_drop_out,Round_1_central_composite_design,Plate 20,18,C6,2,4.0,35,3.0,1.0,1.25,3.5,0.0,0.5,5.0,4,300,1,7.9872,
200,Strain A,SC_drop_out,Round_1_central_composite_design,Plate 20,18,A1,3,5.0,15,3.0,1.0,1.25,3.5,0.0,0.5,5.0,1,300,1,6.2448,3.788275614
201,Strain A,SC_drop_out,Round_1_central_composite_design,Plate 20,18,C2,3,5.0,15,3.0,1.0,1.25,3.5,0.0,0.5,5.0,2,300,1,6.2784,
202,Strain A,SC_drop_out,Round_1_central_composite_design,Plate 20,18,A9,3,5.0,15,3.0,1.0,1.25,3.5,0.0,0.5,5.0,3,300,1,6.6576,
203,Strain A,SC_drop_out,Round_1_central_composite_design,Plate 20,18,G4,3,5.0,15,3.0,1.0,1.25,3.5,0.0,0.5,5.0,4,300,1,6.7104,
204,Strain A,SC_drop_out,Round_1_central_composite_design,Plate 20,18,C3,4,4.0,15,3.0,1.0,1.25,3.5,0.0,0.1,1.0,1,300,1,6.5472,1.881475053
205,Strain A,SC_drop_out,Round_1_central_composite_design,Plate 20,18,E1,4,4.0,15,3.0,1.0,1.25,3.5,0.0,0.1,1.0,2,300,1,6.3408,
206,Strain A,SC_drop_out,Round_1_central_composite_design,Plate 20,18,H4,4,4.0,15,3.0,1.0,1.25,3.5,0.0,0.1,1.0,3,300,1,6.4176,
207,Strain A,SC_drop_out,Round_1_central_composite_design,Plate 20,18,C4,4,4.0,15,3.0,1.0,1.25,3.5,0.0,0.1,1.0,4,300,1,6.6096,
208,Strain A,SC_drop_out,Round_1_central_composite_design,Plate 20,18,E2,5,5.0,15,3.0,1.0,1.25,3.5,0.0,0.5,1.0,1,300,1,6.4512,1.244971591
209,Strain A,SC_drop_out,Round_1_central_composite_design,Plate 20,18,G3,5,5.0,15,3.0,1.0,1.25,3.5,0.0,0.5,1.0,2,300,1,6.3456,
210,Strain A,SC_drop_out,Round_1_central_composite_design,Plate 20,18,F7,5,5.0,15,3.0,1.0,1.25,3.5,0.0,0.5,1.0,3,300,1,6.3744,
211,Strain A,SC_drop_out,Round_1_central_composite_design,Plate 20,18,F11,5,5.0,15,3.0,1.0,1.25,3.5,0.0,0.5,1.0,4,300,1,6.5232,
212,Strain A,SC_drop_out,Round_1_central_composite_design,Plate 20,18,A6,6,4.0,15,3.0,1.0,1.25,3.5,0.0,0.5,5.0,1,300,1,6.2208,4.542338969
213,Strain A,SC_drop_out,Round_1_central_composite_design,Plate 20,18,D9,6,4.0,15,3.0,1.0,1.25,3.5,0.0,0.5,5.0,2,300,1,6.7488,
214,Strain A,SC_drop_out,Round_1_central_composite_design,Plate 20,18,H2,6,4.0,15,3.0,1.0,1.25,3.5,0.0,0.5,5.0,3,300,1,6.0912,
215,Strain A,SC_drop_out,Round_1_central_composite_design,Plate 20,18,E9,6,4.0,15,3.0,1.0,1.25,3.5,0.0,0.5,5.0,4,300,1,6.4656,
216,Strain A,SC_drop_out,Round_1_central_composite_design,Plate 20,18,A12,7,5.25,25,3.0,1.0,1.0,3.5,0.0,0.3,3.0,1,300,1,7.5696,3.931809704
217,Strain A,SC_drop_out,Round_1_central_composite_design,Plate 20,18,B2,7,5.25,25,3.0,1.0,1.0,3.5,0.0,0.3,3.0,2,300,1,7.2864,
218,Strain A,SC_drop_out,Round_1_central_composite_design,Plate 20,18,H5,7,5.25,25,3.0,1.0,1.0,3.5,0.0,0.3,3.0,3,300,1,8.0064,
219,Strain A,SC_drop_out,Round_1_central_composite_design,Plate 20,18,D2,7,5.25,25,3.0,1.0,1.0,3.5,0.0,0.3,3.0,4,300,1,7.5408,
220,Strain A,SC_drop_out,Round_1_central_composite_design,Plate 20,18,F6,8,5.0,35,3.0,1.0,0.75,3.5,0.0,0.5,1.0,1,300,1,8.136,1.801792371
221,Strain A,SC_drop_out,Round_1_central_composite_design,Plate 20,18,H7,8,5.0,35,3.0,1.0,0.75,3.5,0.0,0.5,1.0,2,300,1,7.8864,
222,Strain A,SC_drop_out,Round_1_central_composite_design,Plate 20,18,E4,8,5.0,35,3.0,1.0,0.75,3.5,0.0,0.5,1.0,3,300,1,8.2128,
223,Strain A,SC_drop_out,Round_1_central_composite_design,Plate 20,18,A10,8,5.0,35,3.0,1.0,0.75,3.5,0.0,0.5,1.0,4,300,1,7.9968,
224,Strain A,SC_drop_out,Round_1_central_composite_design,Plate 20,18,G9,9,5.0,15,3.0,1.0,0.75,3.5,0.0,0.1,1.0,1,300,1,6.504,2.051823204
225,Strain A,SC_drop_out,Round_1_central_composite_design,Plate 20,18,F1,9,5.0,15,3.0,1.0,0.75,3.5,0.0,0.1,1.0,2,300,1,6.2256,
226,Strain A,SC_drop_out,Round_1_central_composite_design,Plate 20,18,E6,9,5.0,15,3.0,1.0,0.75,3.5,0.0,0.1,1.0,3,300,1,6.2448,
227,Strain A,SC_drop_out,Round_1_central_composite_design,Plate 20,18,B7,9,5.0,15,3.0,1.0,0.75,3.5,0.0,0.1,1.0,4,300,1,6.2736,
228,Strain A,SC_drop_out,Round_1_central_composite_design,Plate 20,18,D5,10,5.0,35,3.0,1.0,0.75,3.5,0.0,0.1,1.0,1,300,1,7.9536,2.934604505
229,Strain A,SC_drop_out,Round_1_central_composite_design,Plate 20,18,A3,10,5.0,35,3.0,1.0,0.75,3.5,0.0,0.1,1.0,2,300,1,7.7376,
230,Strain A,SC_drop_out,Round_1_central_composite_design,Plate 20,18,H6,10,5.0,35,3.0,1.0,0.75,3.5,0.0,0.1,1.0,3,300,1,8.1312,
231,Strain A,SC_drop_out,Round_1_central_composite_design,Plate 20,18,C5,10,5.0,35,3.0,1.0,0.75,3.5,0.0,0.1,1.0,4,300,1,8.2848,
232,Strain A,SC_drop_out,Round_1_central_composite_design,Plate 20,18,H1,11,5.0,35,3.0,1.0,0.75,3.5,0.0,0.5,5.0,1,300,1,7.5552,4.832252904
233,Strain A,SC_drop_out,Round_1_central_composite_design,Plate 20,18,D12,11,5.0,35,3.0,1.0,0.75,3.5,0.0,0.5,5.0,2,300,1,7.3488,
234,Strain A,SC_drop_out,Round_1_central_composite_design,Plate 20,18,D4,11,5.0,35,3.0,1.0,0.75,3.5,0.0,0.5,5.0,3,300,1,8.0448,
235,Strain A,SC_drop_out,Round_1_central_composite_design,Plate 20,18,D3,11,5.0,35,3.0,1.0,0.75,3.5,0.0,0.5,5.0,4,300,1,8.1216,
236,Strain A,SC_drop_out,Round_1_central_composite_design,Plate 20,18,G10,12,5.0,35,3.0,1.0,1.25,3.5,0.0,0.5,1.0,1,300,1,8.8128,3.340052501
237,Strain A,SC_drop_out,Round_1_central_composite_design,Plate 20,18,B4,12,5.0,35,3.0,1.0,1.25,3.5,0.0,0.5,1.0,2,300,1,8.4432,
238,Strain A,SC_drop_out,Round_1_central_composite_design,Plate 20,18,B12,12,5.0,35,3.0,1.0,1.25,3.5,0.0,0.5,1.0,3,300,1,8.1456,
239,Strain A,SC_drop_out,Round_1_central_composite_design,Plate 20,18,F2,12,5.0,35,3.0,1.0,1.25,3.5,0.0,0.5,1.0,4,300,1,8.328,
240,Strain A,SC_drop_out,Round_1_central_composite_design,Plate 20,18,A4,13,4.0,35,3.0,1.0,1.25,3.5,0.0,0.5,1.0,1,300,1,8.8704,3.951382551
241,Strain A,SC_drop_out,Round_1_central_composite_design,Plate 20,18,D1,13,4.0,35,3.0,1.0,1.25,3.5,0.0,0.5,1.0,2,300,1,8.424,
242,Strain A,SC_drop_out,Round_1_central_composite_design,Plate 20,18,B3,13,4.0,35,3.0,1.0,1.25,3.5,0.0,0.5,1.0,3,300,1,8.0544,
243,Strain A,SC_drop_out,Round_1_central_composite_design,Plate 20,18,G5,13,4.0,35,3.0,1.0,1.25,3.5,0.0,0.5,1.0,4,300,1,8.4336,
244,Strain A,SC_drop_out,Round_1_central_composite_design,Plate 20,18,A2,14,5.0,15,3.0,1.0,0.75,3.5,0.0,0.5,5.0,1,300,1,5.76,5.163528812
245,Strain A,SC_drop_out,Round_1_central_composite_design,Plate 20,18,D10,14,5.0,15,3.0,1.0,0.75,3.5,0.0,0.5,5.0,2,300,1,6.5184,
246,Strain A,SC_drop_out,Round_1_central_composite_design,Plate 20,18,G1,14,5.0,15,3.0,1.0,0.75,3.5,0.0,0.5,5.0,3,300,1,6.048,
247,Strain A,SC_drop_out,Round_1_central_composite_design,Plate 20,18,G8,14,5.0,15,3.0,1.0,0.75,3.5,0.0,0.5,5.0,4,300,1,6.2112,
248,Strain A,SC_drop_out,Round_1_central_composite_design,Plate 20,18,E5,15,5.0,35,3.0,1.0,1.25,3.5,0.0,0.1,1.0,1,300,1,8.6208,9.897106469
249,Strain A,SC_drop_out,Round_1_central_composite_design,Plate 20,18,E11,15,5.0,35,3.0,1.0,1.25,3.5,0.0,0.1,1.0,2,300,1,7.1712,
250,Strain A,SC_drop_out,Round_1_central_composite_design,Plate 20,18,A8,15,5.0,35,3.0,1.0,1.25,3.5,0.0,0.1,1.0,3,300,1,8.4864,
251,Strain A,SC_drop_out,Round_1_central_composite_design,Plate 20,18,H12,15,5.0,35,3.0,1.0,1.25,3.5,0.0,0.1,1.0,4,300,1,,
252,Strain A,SC_drop_out,Round_1_central_composite_design,Plate 20,18,G7,16,4.0,15,3.0,1.0,0.75,3.5,0.0,0.5,5.0,1,300,1,6.2256,2.260097931
253,Strain A,SC_drop_out,Round_1_central_composite_design,Plate 20,18,D6,16,4.0,15,3.0,1.0,0.75,3.5,0.0,0.5,5.0,2,300,1,6.3984,
254,Strain A,SC_drop_out,Round_1_central_composite_design,Plate 20,18,C7,16,4.0,15,3.0,1.0,0.75,3.5,0.0,0.5,5.0,3,300,1,6.0672,
255,Strain A,SC_drop_out,Round_1_central_composite_design,Plate 20,18,B9,16,4.0,15,3.0,1.0,0.75,3.5,0.0,0.5,5.0,4,300,1,6.312,
256,Strain A,SC_drop_out,Round_1_central_composite_design,Plate 20,18,G6,17,4.0,35,3.0,1.0,0.75,3.5,0.0,0.5,5.0,1,300,1,8.0544,6.473240355
257,Strain A,SC_drop_out,Round_1_central_composite_design,Plate 20,18,C9,17,4.0,35,3.0,1.0,0.75,3.5,0.0,0.5,5.0,2,300,1,7.3248,
258,Strain A,SC_drop_out,Round_1_central_composite_design,Plate 20,18,F8,17,4.0,35,3.0,1.0,0.75,3.5,0.0,0.5,5.0,3,300,1,8.2368,
259,Strain A,SC_drop_out,Round_1_central_composite_design,Plate 20,18,F12,17,4.0,35,3.0,1.0,0.75,3.5,0.0,0.5,5.0,4,300,1,7.2576,
260,Strain A,SC_drop_out,Round_1_central_composite_design,Plate 20,18,E10,18,5.0,15,3.0,1.0,1.25,3.5,0.0,0.1,5.0,1,300,1,6.7248,3.372985405
261,Strain A,SC_drop_out,Round_1_central_composite_design,Plate 20,18,B6,18,5.0,15,3.0,1.0,1.25,3.5,0.0,0.1,5.0,2,300,1,6.6096,
262,Strain A,SC_drop_out,Round_1_central_composite_design,Plate 20,18,C8,18,5.0,15,3.0,1.0,1.25,3.5,0.0,0.1,5.0,3,300,1,6.3072,
263,Strain A,SC_drop_out,Round_1_central_composite_design,Plate 20,18,A7,18,5.0,15,3.0,1.0,1.25,3.5,0.0,0.1,5.0,4,300,1,6.288,
264,Strain A,SC_drop_out,Round_1_central_composite_design,Plate 20,18,D11,19,4.5,10,3.0,1.0,1.0,3.5,0.0,0.3,3.0,1,300,1,5.7312,9.576472144
265,Strain A,SC_drop_out,Round_1_central_composite_design,Plate 20,18,B8,19,4.5,10,3.0,1.0,1.0,3.5,0.0,0.3,3.0,2,300,1,5.5296,
266,Strain A,SC_drop_out,Round_1_central_composite_design,Plate 20,18,A5,19,4.5,10,3.0,1.0,1.0,3.5,0.0,0.3,3.0,3,300,1,6.2832,
267,Strain A,SC_drop_out,Round_1_central_composite_design,Plate 20,18,C12,19,4.5,10,3.0,1.0,1.0,3.5,0.0,0.3,3.0,4,300,1,6.8256,
268,Strain A,SC_drop_out,Round_1_central_composite_design,Plate 20,18,D8,20,4.0,15,3.0,1.0,0.75,3.5,0.0,0.1,5.0,1,300,1,6.3696,5.49032632
269,Strain A,SC_drop_out,Round_1_central_composite_design,Plate 20,18,H8,20,4.0,15,3.0,1.0,0.75,3.5,0.0,0.1,5.0,2,300,1,6.3312,
270,Strain A,SC_drop_out,Round_1_central_composite_design,Plate 20,18,B11,20,4.0,15,3.0,1.0,0.75,3.5,0.0,0.1,5.0,3,300,1,7.08,
271,Strain A,SC_drop_out,Round_1_central_composite_design,Plate 20,18,F5,20,4.0,15,3.0,1.0,0.75,3.5,0.0,0.1,5.0,4,300,1,6.3888,
272,Strain A,SC_drop_out,Round_1_central_composite_design,Plate 20,18,F4,21,5.0,35,3.0,1.0,1.25,3.5,0.0,0.5,5.0,1,300,1,8.448,5.270282774
273,Strain A,SC_drop_out,Round_1_central_composite_design,Plate 20,18,B1,21,5.0,35,3.0,1.0,1.25,3.5,0.0,0.5,5.0,2,300,1,7.6512,
274,Strain A,SC_drop_out,Round_1_central_composite_design,Plate 20,18,E7,21,5.0,35,3.0,1.0,1.25,3.5,0.0,0.5,5.0,3,300,1,7.8912,
275,Strain A,SC_drop_out,Round_1_central_composite_design,Plate 20,18,F3,21,5.0,35,3.0,1.0,1.25,3.5,0.0,0.5,5.0,4,300,1,8.5344,
276,Strain A,SC_drop_out,Round_1_central_composite_design,Plate 20,18,C1,22,4.5,40,3.0,1.0,1.0,3.5,0.0,0.3,3.0,1,300,1,7.6992,5.065286464
277,Strain A,SC_drop_out,Round_1_central_composite_design,Plate 20,18,H3,22,4.5,40,3.0,1.0,1.0,3.5,0.0,0.3,3.0,2,300,1,7.9296,
278,Strain A,SC_drop_out,Round_1_central_composite_design,Plate 20,18,H11,22,4.5,40,3.0,1.0,1.0,3.5,0.0,0.3,3.0,3,300,1,7.2576,
279,Strain A,SC_drop_out,Round_1_central_composite_design,Plate 20,18,C10,22,4.5,40,3.0,1.0,1.0,3.5,0.0,0.3,3.0,4,300,1,8.184,
280,Strain A,SC_drop_out,Round_1_central_composite_design,Plate 20,18,G11,23,4.0,15,3.0,1.0,0.75,3.5,0.0,0.1,1.0,1,300,1,6.6336,2.770880587
281,Strain A,SC_drop_out,Round_1_central_composite_design,Plate 20,18,C11,23,4.0,15,3.0,1.0,0.75,3.5,0.0,0.1,1.0,2,300,1,6.2448,
282,Strain A,SC_drop_out,Round_1_central_composite_design,Plate 20,18,E3,23,4.0,15,3.0,1.0,0.75,3.5,0.0,0.1,1.0,3,300,1,6.48,
283,Strain A,SC_drop_out,Round_1_central_composite_design,Plate 20,18,E8,23,4.0,15,3.0,1.0,0.75,3.5,0.0,0.1,1.0,4,300,1,6.2976,
284,Strain A,SC_drop_out,Round_1_central_composite_design,Plate 20,18,H9,24,5.0,15,3.0,1.0,0.75,3.5,0.0,0.1,5.0,1,300,1,6.4992,2.304906042
285,Strain A,SC_drop_out,Round_1_central_composite_design,Plate 20,18,G2,24,5.0,15,3.0,1.0,0.75,3.5,0.0,0.1,5.0,2,300,1,6.1632,
286,Strain A,SC_drop_out,Round_1_central_composite_design,Plate 20,18,E12,24,5.0,15,3.0,1.0,0.75,3.5,0.0,0.1,5.0,3,300,1,6.3456,
287,Strain A,SC_drop_out,Round_1_central_composite_design,Plate 20,18,D7,24,5.0,15,3.0,1.0,0.75,3.5,0.0,0.1,5.0,4,300,1,6.24,
288,Strain A,SC_drop_out,Round_1_central_composite_design,Plate 21,18,A11,25,4.5,25,3.0,1.0,0.625,3.5,0.0,0.3,3.0,1,300,1,6.7008,1.37800128
289,Strain A,SC_drop_out,Round_1_central_composite_design,Plate 21,18,F10,25,4.5,25,3.0,1.0,0.625,3.5,0.0,0.3,3.0,2,300,1,6.84,
290,Strain A,SC_drop_out,Round_1_central_composite_design,Plate 21,18,B10,25,4.5,25,3.0,1.0,0.625,3.5,0.0,0.3,3.0,3,300,1,6.8784,
291,Strain A,SC_drop_out,Round_1_central_composite_design,Plate 21,18,G12,25,4.5,25,3.0,1.0,0.625,3.5,0.0,0.3,3.0,4,300,1,6.9168,
292,Strain A,SC_drop_out,Round_1_central_composite_design,Plate 21,18,B5,26,5.0,35,3.0,1.0,0.75,3.5,0.0,0.1,5.0,1,300,1,7.512,4.791018493
293,Strain A,SC_drop_out,Round_1_central_composite_design,Plate 21,18,H10,26,5.0,35,3.0,1.0,0.75,3.5,0.0,0.1,5.0,2,300,1,6.9408,
294,Strain A,SC_drop_out,Round_1_central_composite_design,Plate 21,18,F9,26,5.0,35,3.0,1.0,0.75,3.5,0.0,0.1,5.0,3,300,1,7.7952,
295,Strain A,SC_drop_out,Round_1_central_composite_design,Plate 21,18,C6,26,5.0,35,3.0,1.0,0.75,3.5,0.0,0.1,5.0,4,300,1,7.4208,
296,Strain A,SC_drop_out,Round_1_central_composite_design,Plate 21,18,A1,27,4.5,25,3.0,1.0,1.0,3.5,0.0,0.3,6.0,1,300,1,7.632,1.765175555
297,Strain A,SC_drop_out,Round_1_central_composite_design,Plate 21,18,C2,27,4.5,25,3.0,1.0,1.0,3.5,0.0,0.3,6.0,2,300,1,7.8,
298,Strain A,SC_drop_out,Round_1_central_composite_design,Plate 21,18,A9,27,4.5,25,3.0,1.0,1.0,3.5,0.0,0.3,6.0,3,300,1,7.7424,
299,Strain A,SC_drop_out,Round_1_central_composite_design,Plate 21,18,G4,27,4.5,25,3.0,1.0,1.0,3.5,0.0,0.3,6.0,4,300,1,7.4928,
300,Strain A,SC_drop_out,Round_1_central_composite_design,Plate 21,18,C3,28,4.0,15,3.0,1.0,1.25,3.5,0.0,0.1,5.0,1,300,1,6.4464,2.328252096
301,Strain A,SC_drop_out,Round_1_central_composite_design,Plate 21,18,E1,28,4.0,15,3.0,1.0,1.25,3.5,0.0,0.1,5.0,2,300,1,6.5232,
302,Strain A,SC_drop_out,Round_1_central_composite_design,Plate 21,18,H4,28,4.0,15,3.0,1.0,1.25,3.5,0.0,0.1,5.0,3,300,1,6.3312,
303,Strain A,SC_drop_out,Round_1_central_composite_design,Plate 21,18,C4,28,4.0,15,3.0,1.0,1.25,3.5,0.0,0.1,5.0,4,300,1,6.1824,
304,Strain A,SC_drop_out,Round_1_central_composite_design,Plate 21,18,E2,29,4.0,35,3.0,1.0,1.25,3.5,0.0,0.1,1.0,1,300,1,8.0064,4.10284637
305,Strain A,SC_drop_out,Round_1_central_composite_design,Plate 21,18,G3,29,4.0,35,3.0,1.0,1.25,3.5,0.0,0.1,1.0,2,300,1,7.4112,
306,Strain A,SC_drop_out,Round_1_central_composite_design,Plate 21,18,F7,29,4.0,35,3.0,1.0,1.25,3.5,0.0,0.1,1.0,3,300,1,7.704,
307,Strain A,SC_drop_out,Round_1_central_composite_design,Plate 21,18,F11,29,4.0,35,3.0,1.0,1.25,3.5,0.0,0.1,1.0,4,300,1,7.3152,
308,Strain A,SC_drop_out,Round_1_central_composite_design,Plate 21,18,A6,30,4.0,35,3.0,1.0,0.75,3.5,0.0,0.5,1.0,1,300,1,8.016,9.062406404
309,Strain A,SC_drop_out,Round_1_central_composite_design,Plate 21,18,D9,30,4.0,35,3.0,1.0,0.75,3.5,0.0,0.5,1.0,2,300,1,7.5408,
310,Strain A,SC_drop_out,Round_1_central_composite_design,Plate 21,18,H2,30,4.0,35,3.0,1.0,0.75,3.5,0.0,0.5,1.0,3,300,1,6.8544,
311,Strain A,SC_drop_out,Round_1_central_composite_design,Plate 21,18,E9,30,4.0,35,3.0,1.0,0.75,3.5,0.0,0.5,1.0,4,300,1,8.496,
312,Strain A,SC_drop_out,Round_1_central_composite_design,Plate 21,18,A12,31,4.5,25,3.0,1.0,1.0,3.5,0.0,0.6,3.0,1,300,1,7.5456,3.848684009
313,Strain A,SC_drop_out,Round_1_central_composite_design,Plate 21,18,B2,31,4.5,25,3.0,1.0,1.0,3.5,0.0,0.6,3.0,2,300,1,7.8048,
314,Strain A,SC_drop_out,Round_1_central_composite_design,Plate 21,18,H5,31,4.5,25,3.0,1.0,1.0,3.5,0.0,0.6,3.0,3,300,1,7.1808,
315,Strain A,SC_drop_out,Round_1_central_composite_design,Plate 21,18,D2,31,4.5,25,3.0,1.0,1.0,3.5,0.0,0.6,3.0,4,300,1,7.7904,
316,Strain A,SC_drop_out,Round_1_central_composite_design,Plate 21,18,F6,32,4.5,25,3.0,1.0,1.0,3.5,0.0,0.3,0.0,1,300,1,7.9536,3.755280401
317,Strain A,SC_drop_out,Round_1_central_composite_design,Plate 21,18,H7,32,4.5,25,3.0,1.0,1.0,3.5,0.0,0.3,0.0,2,300,1,7.416,
318,Strain A,SC_drop_out,Round_1_central_composite_design,Plate 21,18,E4,32,4.5,25,3.0,1.0,1.0,3.5,0.0,0.3,0.0,3,300,1,7.992,
319,Strain A,SC_drop_out,Round_1_central_composite_design,Plate 21,18,A10,32,4.5,25,3.0,1.0,1.0,3.5,0.0,0.3,0.0,4,300,1,8.0544,
320,Strain A,SC_drop_out,Round_1_central_composite_design,Plate 21,18,G9,33,5.0,35,3.0,1.0,1.25,3.5,0.0,0.1,5.0,1,300,1,7.368,5.821977551
321,Strain A,SC_drop_out,Round_1_central_composite_design,Plate 21,18,F1,33,5.0,35,3.0,1.0,1.25,3.5,0.0,0.1,5.0,2,300,1,8.2992,
322,Strain A,SC_drop_out,Round_1_central_composite_design,Plate 21,18,E6,33,5.0,35,3.0,1.0,1.25,3.5,0.0,0.1,5.0,3,300,1,8.0208,
323,Strain A,SC_drop_out,Round_1_central_composite_design,Plate 21,18,B7,33,5.0,35,3.0,1.0,1.25,3.5,0.0,0.1,5.0,4,300,1,8.4096,
324,Strain A,SC_drop_out,Round_1_central_composite_design,Plate 21,18,D5,34,4.5,25,3.0,1.0,1.0,3.5,0.0,0.3,3.0,1,300,1,7.9536,2.943466526
325,Strain A,SC_drop_out,Round_1_central_composite_design,Plate 21,18,A3,34,4.5,25,3.0,1.0,1.0,3.5,0.0,0.3,3.0,2,300,1,7.9824,
326,Strain A,SC_drop_out,Round_1_central_composite_design,Plate 21,18,H6,34,4.5,25,3.0,1.0,1.0,3.5,0.0,0.3,3.0,3,300,1,7.5744,
327,Strain A,SC_drop_out,Round_1_central_composite_design,Plate 21,18,C5,34,4.5,25,3.0,1.0,1.0,3.5,0.0,0.3,3.0,4,300,1,8.1168,
328,Strain A,SC_drop_out,Round_1_central_composite_design,Plate 21,18,H1,35,4.0,35,3.0,1.0,0.75,3.5,0.0,0.1,1.0,1,300,1,7.224,6.728472408
329,Strain A,SC_drop_out,Round_1_central_composite_design,Plate 21,18,D12,35,4.0,35,3.0,1.0,0.75,3.5,0.0,0.1,1.0,2,300,1,7.56,
330,Strain A,SC_drop_out,Round_1_central_composite_design,Plate 21,18,D4,35,4.0,35,3.0,1.0,0.75,3.5,0.0,0.1,1.0,3,300,1,8.2512,
331,Strain A,SC_drop_out,Round_1_central_composite_design,Plate 21,18,D3,35,4.0,35,3.0,1.0,0.75,3.5,0.0,0.1,1.0,4,300,1,8.2944,
332,Strain A,SC_drop_out,Round_1_central_composite_design,Plate 21,18,G10,36,4.5,25,3.0,1.0,1.375,3.5,0.0,0.3,3.0,1,300,1,7.3344,3.648775595
333,Strain A,SC_drop_out,Round_1_central_composite_design,Plate 21,18,B4,36,4.5,25,3.0,1.0,1.375,3.5,0.0,0.3,3.0,2,300,1,7.9152,
334,Strain A,SC_drop_out,Round_1_central_composite_design,Plate 21,18,B12,36,4.5,25,3.0,1.0,1.375,3.5,0.0,0.3,3.0,3,300,1,7.416,
335,Strain A,SC_drop_out,Round_1_central_composite_design,Plate 21,18,F2,36,4.5,25,3.0,1.0,1.375,3.5,0.0,0.3,3.0,4,300,1,7.7664,
336,Strain A,SC_drop_out,Round_1_central_composite_design,Plate 21,18,A4,37,4.5,25,3.0,1.0,1.0,3.5,0.0,0.3,3.0,1,300,1,8.376,3.645049256
337,Strain A,SC_drop_out,Round_1_central_composite_design,Plate 21,18,D1,37,4.5,25,3.0,1.0,1.0,3.5,0.0,0.3,3.0,2,300,1,8.3952,
338,Strain A,SC_drop_out,Round_1_central_composite_design,Plate 21,18,B3,37,4.5,25,3.0,1.0,1.0,3.5,0.0,0.3,3.0,3,300,1,7.9056,
339,Strain A,SC_drop_out,Round_1_central_composite_design,Plate 21,18,G5,37,4.5,25,3.0,1.0,1.0,3.5,0.0,0.3,3.0,4,300,1,7.8432,
340,Strain A,SC_drop_out,Round_1_central_composite_design,Plate 21,18,A2,38,4.0,15,3.0,1.0,1.25,3.5,0.0,0.5,1.0,1,300,1,6.5472,5.575498462
341,Strain A,SC_drop_out,Round_1_central_composite_design,Plate 21,18,D10,38,4.0,15,3.0,1.0,1.25,3.5,0.0,0.5,1.0,2,300,1,5.9136,
342,Strain A,SC_drop_out,Round_1_central_composite_design,Plate 21,18,G1,38,4.0,15,3.0,1.0,1.25,3.5,0.0,0.5,1.0,3,300,1,5.976,
343,Strain A,SC_drop_out,Round_1_central_composite_design,Plate 21,18,G8,38,4.0,15,3.0,1.0,1.25,3.5,0.0,0.5,1.0,4,300,1,5.784,
344,Strain A,SC_drop_out,Round_1_central_composite_design,Plate 21,18,E5,39,5.0,15,3.0,1.0,0.75,3.5,0.0,0.5,1.0,1,300,1,6.624,4.079064543
345,Strain A,SC_drop_out,Round_1_central_composite_design,Plate 21,18,E11,39,5.0,15,3.0,1.0,0.75,3.5,0.0,0.5,1.0,2,300,1,6.1056,
346,Strain A,SC_drop_out,Round_1_central_composite_design,Plate 21,18,A8,39,5.0,15,3.0,1.0,0.75,3.5,0.0,0.5,1.0,3,300,1,6.4032,
347,Strain A,SC_drop_out,Round_1_central_composite_design,Plate 21,18,H12,39,5.0,15,3.0,1.0,0.75,3.5,0.0,0.5,1.0,4,300,1,,
348,Strain A,SC_drop_out,Round_1_central_composite_design,Plate 21,18,G7,40,4.0,15,3.0,1.0,0.75,3.5,0.0,0.5,1.0,1,300,1,6.0048,3.651291494
349,Strain A,SC_drop_out,Round_1_central_composite_design,Plate 21,18,D6,40,4.0,15,3.0,1.0,0.75,3.5,0.0,0.5,1.0,2,300,1,6.5184,
350,Strain A,SC_drop_out,Round_1_central_composite_design,Plate 21,18,C7,40,4.0,15,3.0,1.0,0.75,3.5,0.0,0.5,1.0,3,300,1,6.408,
351,Strain A,SC_drop_out,Round_1_central_composite_design,Plate 21,18,B9,40,4.0,15,3.0,1.0,0.75,3.5,0.0,0.5,1.0,4,300,1,6.4512,
352,Strain A,SC_drop_out,Round_1_central_composite_design,Plate 21,18,G6,41,4.0,35,3.0,1.0,1.25,3.5,0.0,0.1,5.0,1,300,1,7.3248,3.015350149
353,Strain A,SC_drop_out,Round_1_central_composite_design,Plate 21,18,C9,41,4.0,35,3.0,1.0,1.25,3.5,0.0,0.1,5.0,2,300,1,7.7664,
354,Strain A,SC_drop_out,Round_1_central_composite_design,Plate 21,18,F8,41,4.0,35,3.0,1.0,1.25,3.5,0.0,0.1,5.0,3,300,1,7.536,
355,Strain A,SC_drop_out,Round_1_central_composite_design,Plate 21,18,F12,41,4.0,35,3.0,1.0,1.25,3.5,0.0,0.1,5.0,4,300,1,7.272,
356,Strain A,SC_drop_out,Round_1_central_composite_design,Plate 21,18,E10,42,3.75,25,3.0,1.0,1.0,3.5,0.0,0.3,3.0,1,300,1,8.5296,4.170816406
357,Strain A,SC_drop_out,Round_1_central_composite_design,Plate 21,18,B6,42,3.75,25,3.0,1.0,1.0,3.5,0.0,0.3,3.0,2,300,1,7.7424,
358,Strain A,SC_drop_out,Round_1_central_composite_design,Plate 21,18,C8,42,3.75,25,3.0,1.0,1.0,3.5,0.0,0.3,3.0,3,300,1,8.3664,
359,Strain A,SC_drop_out,Round_1_central_composite_design,Plate 21,18,A7,42,3.75,25,3.0,1.0,1.0,3.5,0.0,0.3,3.0,4,300,1,8.3232,
360,Strain A,SC_drop_out,Round_1_central_composite_design,Plate 21,18,D11,43,5.0,15,3.0,1.0,1.25,3.5,0.0,0.1,1.0,1,300,1,6.3696,4.74902415
361,Strain A,SC_drop_out,Round_1_central_composite_design,Plate 21,18,B8,43,5.0,15,3.0,1.0,1.25,3.5,0.0,0.1,1.0,2,300,1,6.7344,
362,Strain A,SC_drop_out,Round_1_central_composite_design,Plate 21,18,A5,43,5.0,15,3.0,1.0,1.25,3.5,0.0,0.1,1.0,3,300,1,6.7632,
363,Strain A,SC_drop_out,Round_1_central_composite_design,Plate 21,18,C12,43,5.0,15,3.0,1.0,1.25,3.5,0.0,0.1,1.0,4,300,1,6.12,
364,Strain A,SC_drop_out,Round_1_central_composite_design,Plate 21,18,D8,44,4.5,25,3.0,1.0,1.0,3.5,0.0,0.0,3.0,1,300,1,7.5312,2.039775076
365,Strain A,SC_drop_out,Round_1_central_composite_design,Plate 21,18,H8,44,4.5,25,3.0,1.0,1.0,3.5,0.0,0.0,3.0,2,300,1,7.1952,
366,Strain A,SC_drop_out,Round_1_central_composite_design,Plate 21,18,B11,44,4.5,25,3.0,1.0,1.0,3.5,0.0,0.0,3.0,3,300,1,7.4976,
367,Strain A,SC_drop_out,Round_1_central_composite_design,Plate 21,18,F5,44,4.5,25,3.0,1.0,1.0,3.5,0.0,0.0,3.0,4,300,1,7.4064,
368,Strain A,SC_drop_out,Round_1_central_composite_design,Plate 21,18,F4,45,4.5,15,3.0,1.0,0.5,3.5,0.0,0.0,0.0,1,300,1,5.0976,1.921617105
369,Strain A,SC_drop_out,Round_1_central_composite_design,Plate 21,18,B1,45,4.5,15,3.0,1.0,0.5,3.5,0.0,0.0,0.0,2,300,1,4.9056,
370,Strain A,SC_drop_out,Round_1_central_composite_design,Plate 21,18,E7,45,4.5,15,3.0,1.0,0.5,3.5,0.0,0.0,0.0,3,300,1,5.0304,
371,Strain A,SC_drop_out,Round_1_central_composite_design,Plate 21,18,F3,45,4.5,15,3.0,1.0,0.5,3.5,0.0,0.0,0.0,4,300,1,5.1216,
372,Strain A,SC_drop_out,Round_1_central_composite_design,Plate 21,18,C1,46,4.5,15,3.0,1.0,0.625,3.5,0.0,0.0,0.0,1,300,1,5.2416,2.637185644
373,Strain A,SC_drop_out,Round_1_central_composite_design,Plate 21,18,H3,46,4.5,15,3.0,1.0,0.625,3.5,0.0,0.0,0.0,2,300,1,5.352,
374,Strain A,SC_drop_out,Round_1_central_composite_design,Plate 21,18,H11,46,4.5,15,3.0,1.0,0.625,3.5,0.0,0.0,0.0,3,300,1,5.208,
375,Strain A,SC_drop_out,Round_1_central_composite_design,Plate 21,18,C10,46,4.5,15,3.0,1.0,0.625,3.5,0.0,0.0,0.0,4,300,1,5.52,
376,Strain A,SC_drop_out,Round_1_central_composite_design,Plate 21,18,G11,47,4.5,15,3.0,1.0,1.0,3.5,0.0,0.0,0.0,1,300,1,5.6352,2.807917718
377,Strain A,SC_drop_out,Round_1_central_composite_design,Plate 21,18,C11,47,4.5,15,3.0,1.0,1.0,3.5,0.0,0.0,0.0,2,300,1,5.7648,
378,Strain A,SC_drop_out,Round_1_central_composite_design,Plate 21,18,E3,47,4.5,15,3.0,1.0,1.0,3.5,0.0,0.0,0.0,3,300,1,6.0144,
379,Strain A,SC_drop_out,Round_1_central_composite_design,Plate 21,18,E8,47,4.5,15,3.0,1.0,1.0,3.5,0.0,0.0,0.0,4,300,1,5.8944,
380,Strain A,SC_drop_out,Round_1_central_composite_design,Plate 21,18,H9,48,4.5,35,3.0,1.0,1.25,3.5,0.0,0.5,0.0,1,300,1,7.4016,4.899416938
381,Strain A,SC_drop_out,Round_1_central_composite_design,Plate 21,18,G2,48,4.5,35,3.0,1.0,1.25,3.5,0.0,0.5,0.0,2,300,1,7.632,
382,Strain A,SC_drop_out,Round_1_central_composite_design,Plate 21,18,E12,48,4.5,35,3.0,1.0,1.25,3.5,0.0,0.5,0.0,3,300,1,7.344,
383,Strain A,SC_drop_out,Round_1_central_composite_design,Plate 21,18,D7,48,4.5,35,3.0,1.0,1.25,3.5,0.0,0.5,0.0,4,300,1,8.1648,
384,Strain A,SC_drop_out,Round_1_central_composite_design,Plate 24,18,A11,1,4.0,35,3.0,1.0,0.75,3.5,0.0,0.1,5.0,1,300,1,5.525134921,
385,Strain A,SC_drop_out,Round_1_central_composite_design,Plate 24,18,B10,1,4.0,35,3.0,1.0,0.75,3.5,0.0,0.1,5.0,3,300,1,6.721150039,
386,Strain A,SC_drop_out,Round_1_central_composite_design,Plate 24,18,F10,1,4.0,35,3.0,1.0,0.75,3.5,0.0,0.1,5.0,2,300,1,6.943637645,
387,Strain A,SC_drop_out,Round_1_central_composite_design,Plate 24,18,G12,1,4.0,35,3.0,1.0,0.75,3.5,0.0,0.1,5.0,4,300,1,6.747793587,
388,Strain A,SC_drop_out,Round_1_central_composite_design,Plate 24,18,B5,2,4.0,35,3.0,1.0,1.25,3.5,0.0,0.5,5.0,1,300,1,7.129634927,
389,Strain A,SC_drop_out,Round_1_central_composite_design,Plate 24,18,C6,2,4.0,35,3.0,1.0,1.25,3.5,0.0,0.5,5.0,4,300,1,8.630559135,
390,Strain A,SC_drop_out,Round_1_central_composite_design,Plate 24,18,F9,2,4.0,35,3.0,1.0,1.25,3.5,0.0,0.5,5.0,3,300,1,8.274698592,
391,Strain A,SC_drop_out,Round_1_central_composite_design,Plate 24,18,H10,2,4.0,35,3.0,1.0,1.25,3.5,0.0,0.5,5.0,2,300,1,9.787956159,
392,Strain A,SC_drop_out,Round_1_central_composite_design,Plate 24,18,A1,3,5.0,15,3.0,1.0,1.25,3.5,0.0,0.5,5.0,1,300,1,6.181130566,
393,Strain A,SC_drop_out,Round_1_central_composite_design,Plate 24,18,A9,3,5.0,15,3.0,1.0,1.25,3.5,0.0,0.5,5.0,3,300,1,4.911226171,
394,Strain A,SC_drop_out,Round_1_central_composite_design,Plate 24,18,C2,3,5.0,15,3.0,1.0,1.25,3.5,0.0,0.5,5.0,2,300,1,7.729632158,
395,Strain A,SC_drop_out,Round_1_central_composite_design,Plate 24,18,G4,3,5.0,15,3.0,1.0,1.25,3.5,0.0,0.5,5.0,4,300,1,6.594331698,
396,Strain A,SC_drop_out,Round_1_central_composite_design,Plate 24,18,C3,4,4.0,15,3.0,1.0,1.25,3.5,0.0,0.1,1.0,1,300,1,3.478503858,
397,Strain A,SC_drop_out,Round_1_central_composite_design,Plate 24,18,C4,4,4.0,15,3.0,1.0,1.25,3.5,0.0,0.1,1.0,4,300,1,5.649224152,
398,Strain A,SC_drop_out,Round_1_central_composite_design,Plate 24,18,E1,4,4.0,15,3.0,1.0,1.25,3.5,0.0,0.1,1.0,2,300,1,3.877554173,
399,Strain A,SC_drop_out,Round_1_central_composite_design,Plate 24,18,H4,4,4.0,15,3.0,1.0,1.25,3.5,0.0,0.1,1.0,3,300,1,7.739564988,
400,Strain A,SC_drop_out,Round_1_central_composite_design,Plate 24,18,E2,5,5.0,15,3.0,1.0,1.25,3.5,0.0,0.5,1.0,1,300,1,4.464886662,
401,Strain A,SC_drop_out,Round_1_central_composite_design,Plate 24,18,F7,5,5.0,15,3.0,1.0,1.25,3.5,0.0,0.5,1.0,3,300,1,6.727861279,
402,Strain A,SC_drop_out,Round_1_central_composite_design,Plate 24,18,F11,5,5.0,15,3.0,1.0,1.25,3.5,0.0,0.5,1.0,4,300,1,6.777840546,
403,Strain A,SC_drop_out,Round_1_central_composite_design,Plate 24,18,G3,5,5.0,15,3.0,1.0,1.25,3.5,0.0,0.5,1.0,2,300,1,6.212002617,
404,Strain A,SC_drop_out,Round_1_central_composite_design,Plate 20,18,A6,6,4.0,15,3.0,1.0,1.25,3.5,0.0,0.5,5.0,1,300,1,7.222803457,
405,Strain A,SC_drop_out,Round_1_central_composite_design,Plate 24,18,D9,6,4.0,15,3.0,1.0,1.25,3.5,0.0,0.5,5.0,2,300,1,6.521213254,
406,Strain A,SC_drop_out,Round_1_central_composite_design,Plate 24,18,E9,6,4.0,15,3.0,1.0,1.25,3.5,0.0,0.5,5.0,4,300,1,6.9369539,
407,Strain A,SC_drop_out,Round_1_central_composite_design,Plate 24,18,H2,6,4.0,15,3.0,1.0,1.25,3.5,0.0,0.5,5.0,3,300,1,9.432896559,
408,Strain A,SC_drop_out,Round_1_central_composite_design,Plate 24,18,A12,7,5.25,25,3.0,1.0,1.0,3.5,0.0,0.3,3.0,1,300,1,7.160605639,
409,Strain A,SC_drop_out,Round_1_central_composite_design,Plate 24,18,B2,7,5.25,25,3.0,1.0,1.0,3.5,0.0,0.3,3.0,2,300,1,9.511354301,
410,Strain A,SC_drop_out,Round_1_central_composite_design,Plate 24,18,D2,7,5.25,25,3.0,1.0,1.0,3.5,0.0,0.3,3.0,4,300,1,8.927475787,
411,Strain A,SC_drop_out,Round_1_central_composite_design,Plate 24,18,H5,7,5.25,25,3.0,1.0,1.0,3.5,0.0,0.3,3.0,3,300,1,7.776446716,
412,Strain A,SC_drop_out,Round_1_central_composite_design,Plate 24,18,A10,8,5.0,35,3.0,1.0,0.75,3.5,0.0,0.5,1.0,4,300,1,6.272932969,
413,Strain A,SC_drop_out,Round_1_central_composite_design,Plate 24,18,E4,8,5.0,35,3.0,1.0,0.75,3.5,0.0,0.5,1.0,3,300,1,5.730997936,
414,Strain A,SC_drop_out,Round_1_central_composite_design,Plate 24,18,F6,8,5.0,35,3.0,1.0,0.75,3.5,0.0,0.5,1.0,1,300,1,6.462211788,
415,Strain A,SC_drop_out,Round_1_central_composite_design,Plate 24,18,H7,8,5.0,35,3.0,1.0,0.75,3.5,0.0,0.5,1.0,2,300,1,9.018489081,
416,Strain A,SC_drop_out,Round_1_central_composite_design,Plate 24,18,B7,9,5.0,15,3.0,1.0,0.75,3.5,0.0,0.1,1.0,4,300,1,5.327263411,
417,Strain A,SC_drop_out,Round_1_central_composite_design,Plate 24,18,E6,9,5.0,15,3.0,1.0,0.75,3.5,0.0,0.1,1.0,3,300,1,4.02601638,
418,Strain A,SC_drop_out,Round_1_central_composite_design,Plate 24,18,F1,9,5.0,15,3.0,1.0,0.75,3.5,0.0,0.1,1.0,2,300,1,5.062821738,
419,Strain A,SC_drop_out,Round_1_central_composite_design,Plate 24,18,G9,9,5.0,15,3.0,1.0,0.75,3.5,0.0,0.1,1.0,1,300,1,5.370795969,
420,Strain A,SC_drop_out,Round_1_central_composite_design,Plate 24,18,A3,10,5.0,35,3.0,1.0,0.75,3.5,0.0,0.1,1.0,2,300,1,4.480849189,
421,Strain A,SC_drop_out,Round_1_central_composite_design,Plate 24,18,C5,10,5.0,35,3.0,1.0,0.75,3.5,0.0,0.1,1.0,4,300,1,5.352006633,
422,Strain A,SC_drop_out,Round_1_central_composite_design,Plate 24,18,D5,10,5.0,35,3.0,1.0,0.75,3.5,0.0,0.1,1.0,1,300,1,4.915587349,
423,Strain A,SC_drop_out,Round_1_central_composite_design,Plate 24,18,H6,10,5.0,35,3.0,1.0,0.75,3.5,0.0,0.1,1.0,3,300,1,7.107847918,
424,Strain A,SC_drop_out,Round_1_central_composite_design,Plate 24,18,D3,11,5.0,35,3.0,1.0,0.75,3.5,0.0,0.5,5.0,4,300,1,7.072134712,
425,Strain A,SC_drop_out,Round_1_central_composite_design,Plate 24,18,D4,11,5.0,35,3.0,1.0,0.75,3.5,0.0,0.5,5.0,3,300,1,6.660969797,
426,Strain A,SC_drop_out,Round_1_central_composite_design,Plate 24,18,D12,11,5.0,35,3.0,1.0,0.75,3.5,0.0,0.5,5.0,2,300,1,7.854959442,
427,Strain A,SC_drop_out,Round_1_central_composite_design,Plate 24,18,H1,11,5.0,35,3.0,1.0,0.75,3.5,0.0,0.5,5.0,1,300,1,8.294463645,
428,Strain A,SC_drop_out,Round_1_central_composite_design,Plate 24,18,B4,12,5.0,35,3.0,1.0,1.25,3.5,0.0,0.5,1.0,2,300,1,5.743336934,
429,Strain A,SC_drop_out,Round_1_central_composite_design,Plate 24,18,B12,12,5.0,35,3.0,1.0,1.25,3.5,0.0,0.5,1.0,3,300,1,6.657366192,
430,Strain A,SC_drop_out,Round_1_central_composite_design,Plate 24,18,F2,12,5.0,35,3.0,1.0,1.25,3.5,0.0,0.5,1.0,4,300,1,7.295570691,
431,Strain A,SC_drop_out,Round_1_central_composite_design,Plate 24,18,G10,12,5.0,35,3.0,1.0,1.25,3.5,0.0,0.5,1.0,1,300,1,7.370873909,
432,Strain A,SC_drop_out,Round_1_central_composite_design,Plate 24,18,A4,13,4.0,35,3.0,1.0,1.25,3.5,0.0,0.5,1.0,1,300,1,3.516880404,
433,Strain A,SC_drop_out,Round_1_central_composite_design,Plate 24,18,B3,13,4.0,35,3.0,1.0,1.25,3.5,0.0,0.5,1.0,3,300,1,6.016203995,
434,Strain A,SC_drop_out,Round_1_central_composite_design,Plate 24,18,D1,13,4.0,35,3.0,1.0,1.25,3.5,0.0,0.5,1.0,2,300,1,5.995075058,
435,Strain A,SC_drop_out,Round_1_central_composite_design,Plate 24,18,G5,13,4.0,35,3.0,1.0,1.25,3.5,0.0,0.5,1.0,4,300,1,6.821788057,
436,Strain A,SC_drop_out,Round_1_central_composite_design,Plate 24,18,A2,14,5.0,15,3.0,1.0,0.75,3.5,0.0,0.5,5.0,1,300,1,7.167724416,
437,Strain A,SC_drop_out,Round_1_central_composite_design,Plate 24,18,D10,14,5.0,15,3.0,1.0,0.75,3.5,0.0,0.5,5.0,2,300,1,7.32079243,
438,Strain A,SC_drop_out,Round_1_central_composite_design,Plate 24,18,G1,14,5.0,15,3.0,1.0,0.75,3.5,0.0,0.5,5.0,3,300,1,4.863764132,
439,Strain A,SC_drop_out,Round_1_central_composite_design,Plate 24,18,G8,14,5.0,15,3.0,1.0,0.75,3.5,0.0,0.5,5.0,4,300,1,7.230912149,
440,Strain A,SC_drop_out,Round_1_central_composite_design,Plate 24,18,A8,15,5.0,35,3.0,1.0,1.25,3.5,0.0,0.1,1.0,3,300,1,4.059012161,
441,Strain A,SC_drop_out,Round_1_central_composite_design,Plate 24,18,E5,15,5.0,35,3.0,1.0,1.25,3.5,0.0,0.1,1.0,1,300,1,5.227163312,
442,Strain A,SC_drop_out,Round_1_central_composite_design,Plate 24,18,E11,15,5.0,35,3.0,1.0,1.25,3.5,0.0,0.1,1.0,2,300,1,7.13593848,
443,Strain A,SC_drop_out,Round_1_central_composite_design,Plate 24,18,H12,15,5.0,35,3.0,1.0,1.25,3.5,0.0,0.1,1.0,4,300,1,7.074521576,
444,Strain A,SC_drop_out,Round_1_central_composite_design,Plate 24,18,B9,16,4.0,15,3.0,1.0,0.75,3.5,0.0,0.5,5.0,4,300,1,8.172256294,
445,Strain A,SC_drop_out,Round_1_central_composite_design,Plate 24,18,C7,16,4.0,15,3.0,1.0,0.75,3.5,0.0,0.5,5.0,3,300,1,8.222252415,
446,Strain A,SC_drop_out,Round_1_central_composite_design,Plate 24,18,D6,16,4.0,15,3.0,1.0,0.75,3.5,0.0,0.5,5.0,2,300,1,7.098127884,
447,Strain A,SC_drop_out,Round_1_central_composite_design,Plate 24,18,G7,16,4.0,15,3.0,1.0,0.75,3.5,0.0,0.5,5.0,1,300,1,7.509664335,
448,Strain A,SC_drop_out,Round_1_central_composite_design,Plate 24,18,C9,17,4.0,35,3.0,1.0,0.75,3.5,0.0,0.5,5.0,2,300,1,8.38538115,
449,Strain A,SC_drop_out,Round_1_central_composite_design,Plate 24,18,F8,17,4.0,35,3.0,1.0,0.75,3.5,0.0,0.5,5.0,3,300,1,7.677526856,
450,Strain A,SC_drop_out,Round_1_central_composite_design,Plate 24,18,F12,17,4.0,35,3.0,1.0,0.75,3.5,0.0,0.5,5.0,4,300,1,7.941618412,
451,Strain A,SC_drop_out,Round_1_central_composite_design,Plate 24,18,G6,17,4.0,35,3.0,1.0,0.75,3.5,0.0,0.5,5.0,1,300,1,7.21958857,
452,Strain A,SC_drop_out,Round_1_central_composite_design,Plate 20,18,A7,18,5.0,15,3.0,1.0,1.25,3.5,0.0,0.1,5.0,4,300,1,5.061826419,
453,Strain A,SC_drop_out,Round_1_central_composite_design,Plate 24,18,B6,18,5.0,15,3.0,1.0,1.25,3.5,0.0,0.1,5.0,2,300,1,5.81685218,
454,Strain A,SC_drop_out,Round_1_central_composite_design,Plate 24,18,C8,18,5.0,15,3.0,1.0,1.25,3.5,0.0,0.1,5.0,3,300,1,6.717564712,
455,Strain A,SC_drop_out,Round_1_central_composite_design,Plate 24,18,E10,18,5.0,15,3.0,1.0,1.25,3.5,0.0,0.1,5.0,1,300,1,7.495260019,
456,Strain A,SC_drop_out,Round_1_central_composite_design,Plate 24,18,A5,19,4.5,10,3.0,1.0,1.0,3.5,0.0,0.3,3.0,3,300,1,5.129885592,
457,Strain A,SC_drop_out,Round_1_central_composite_design,Plate 24,18,B8,19,4.5,10,3.0,1.0,1.0,3.5,0.0,0.3,3.0,2,300,1,5.904639368,
458,Strain A,SC_drop_out,Round_1_central_composite_design,Plate 24,18,C12,19,4.5,10,3.0,1.0,1.0,3.5,0.0,0.3,3.0,4,300,1,6.515727082,
459,Strain A,SC_drop_out,Round_1_central_composite_design,Plate 24,18,D11,19,4.5,10,3.0,1.0,1.0,3.5,0.0,0.3,3.0,1,300,1,5.871639933,
460,Strain A,SC_drop_out,Round_1_central_composite_design,Plate 24,18,B11,20,4.0,15,3.0,1.0,0.75,3.5,0.0,0.1,5.0,3,300,1,7.391684092,
461,Strain A,SC_drop_out,Round_1_central_composite_design,Plate 24,18,D8,20,4.0,15,3.0,1.0,0.75,3.5,0.0,0.1,5.0,1,300,1,5.579216563,
462,Strain A,SC_drop_out,Round_1_central_composite_design,Plate 24,18,F5,20,4.0,15,3.0,1.0,0.75,3.5,0.0,0.1,5.0,4,300,1,5.618750203,
463,Strain A,SC_drop_out,Round_1_central_composite_design,Plate 24,18,H8,20,4.0,15,3.0,1.0,0.75,3.5,0.0,0.1,5.0,2,300,1,8.075322177,
464,Strain A,SC_drop_out,Round_1_central_composite_design,Plate 24,18,B1,21,5.0,35,3.0,1.0,1.25,3.5,0.0,0.5,5.0,2,300,1,8.729492022,
465,Strain A,SC_drop_out,Round_1_central_composite_design,Plate 24,18,E7,21,5.0,35,3.0,1.0,1.25,3.5,0.0,0.5,5.0,3,300,1,7.97400759,
466,Strain A,SC_drop_out,Round_1_central_composite_design,Plate 24,18,F3,21,5.0,35,3.0,1.0,1.25,3.5,0.0,0.5,5.0,4,300,1,7.022797259,
467,Strain A,SC_drop_out,Round_1_central_composite_design,Plate 24,18,F4,21,5.0,35,3.0,1.0,1.25,3.5,0.0,0.5,5.0,1,300,1,7.155230737,
468,Strain A,SC_drop_out,Round_1_central_composite_design,Plate 24,18,C1,22,4.5,40,3.0,1.0,1.0,3.5,0.0,0.3,3.0,1,300,1,6.543882573,
469,Strain A,SC_drop_out,Round_1_central_composite_design,Plate 24,18,C10,22,4.5,40,3.0,1.0,1.0,3.5,0.0,0.3,3.0,4,300,1,7.396524049,
470,Strain A,SC_drop_out,Round_1_central_composite_design,Plate 24,18,H3,22,4.5,40,3.0,1.0,1.0,3.5,0.0,0.3,3.0,2,300,1,7.316190422,
471,Strain A,SC_drop_out,Round_1_central_composite_design,Plate 24,18,H11,22,4.5,40,3.0,1.0,1.0,3.5,0.0,0.3,3.0,3,300,1,7.386563467,
472,Strain A,SC_drop_out,Round_1_central_composite_design,Plate 24,18,C11,23,4.0,15,3.0,1.0,0.75,3.5,0.0,0.1,1.0,2,300,1,7.682580968,
473,Strain A,SC_drop_out,Round_1_central_composite_design,Plate 24,18,E3,23,4.0,15,3.0,1.0,0.75,3.5,0.0,0.1,1.0,3,300,1,2.414530173,
474,Strain A,SC_drop_out,Round_1_central_composite_design,Plate 24,18,E8,23,4.0,15,3.0,1.0,0.75,3.5,0.0,0.1,1.0,4,300,1,4.267012733,
475,Strain A,SC_drop_out,Round_1_central_composite_design,Plate 24,18,G11,23,4.0,15,3.0,1.0,0.75,3.5,0.0,0.1,1.0,1,300,1,4.169471697,
476,Strain A,SC_drop_out,Round_1_central_composite_design,Plate 24,18,D7,24,5.0,15,3.0,1.0,0.75,3.5,0.0,0.1,5.0,4,300,1,5.538958025,
477,Strain A,SC_drop_out,Round_1_central_composite_design,Plate 24,18,E12,24,5.0,15,3.0,1.0,0.75,3.5,0.0,0.1,5.0,3,300,1,6.792212134,
478,Strain A,SC_drop_out,Round_1_central_composite_design,Plate 24,18,G2,24,5.0,15,3.0,1.0,0.75,3.5,0.0,0.1,5.0,2,300,1,6.026335094,
479,Strain A,SC_drop_out,Round_1_central_composite_design,Plate 24,18,H9,24,5.0,15,3.0,1.0,0.75,3.5,0.0,0.1,5.0,1,300,1,6.9983802,
480,Strain A,SC_drop_out,Round_1_central_composite_design,Plate 25,18,A11,25,4.5,25,3.0,1.0,0.625,3.5,0.0,0.3,3.0,1,300,1,4.957305668,
481,Strain A,SC_drop_out,Round_1_central_composite_design,Plate 25,18,B10,25,4.5,25,3.0,1.0,0.625,3.5,0.0,0.3,3.0,3,300,1,5.631502678,
482,Strain A,SC_drop_out,Round_1_central_composite_design,Plate 25,18,F10,25,4.5,25,3.0,1.0,0.625,3.5,0.0,0.3,3.0,2,300,1,6.863752111,
483,Strain A,SC_drop_out,Round_1_central_composite_design,Plate 25,18,G12,25,4.5,25,3.0,1.0,0.625,3.5,0.0,0.3,3.0,4,300,1,8.584232839,
484,Strain A,SC_drop_out,Round_1_central_composite_design,Plate 25,18,B5,26,5.0,35,3.0,1.0,0.75,3.5,0.0,0.1,5.0,1,300,1,5.99431152,
485,Strain A,SC_drop_out,Round_1_central_composite_design,Plate 25,18,C6,26,5.0,35,3.0,1.0,0.75,3.5,0.0,0.1,5.0,4,300,1,7.118471047,
486,Strain A,SC_drop_out,Round_1_central_composite_design,Plate 25,18,F9,26,5.0,35,3.0,1.0,0.75,3.5,0.0,0.1,5.0,3,300,1,7.220180456,
487,Strain A,SC_drop_out,Round_1_central_composite_design,Plate 25,18,H10,26,5.0,35,3.0,1.0,0.75,3.5,0.0,0.1,5.0,2,300,1,7.967821617,
488,Strain A,SC_drop_out,Round_1_central_composite_design,Plate 25,18,A1,27,4.5,25,3.0,1.0,1.0,3.5,0.0,0.3,6.0,1,300,1,7.174284383,
489,Strain A,SC_drop_out,Round_1_central_composite_design,Plate 25,18,A9,27,4.5,25,3.0,1.0,1.0,3.5,0.0,0.3,6.0,3,300,1,6.958398005,
490,Strain A,SC_drop_out,Round_1_central_composite_design,Plate 25,18,C2,27,4.5,25,3.0,1.0,1.0,3.5,0.0,0.3,6.0,2,300,1,7.485133074,
491,Strain A,SC_drop_out,Round_1_central_composite_design,Plate 25,18,G4,27,4.5,25,3.0,1.0,1.0,3.5,0.0,0.3,6.0,4,300,1,8.667546288,
492,Strain A,SC_drop_out,Round_1_central_composite_design,Plate 25,18,C3,28,4.0,15,3.0,1.0,1.25,3.5,0.0,0.1,5.0,1,300,1,8.256239584,
493,Strain A,SC_drop_out,Round_1_central_composite_design,Plate 25,18,C4,28,4.0,15,3.0,1.0,1.25,3.5,0.0,0.1,5.0,4,300,1,7.127082704,
494,Strain A,SC_drop_out,Round_1_central_composite_design,Plate 25,18,E1,28,4.0,15,3.0,1.0,1.25,3.5,0.0,0.1,5.0,2,300,1,7.154500695,
495,Strain A,SC_drop_out,Round_1_central_composite_design,Plate 25,18,H4,28,4.0,15,3.0,1.0,1.25,3.5,0.0,0.1,5.0,3,300,1,7.973934117,
496,Strain A,SC_drop_out,Round_1_central_composite_design,Plate 25,18,E2,29,4.0,35,3.0,1.0,1.25,3.5,0.0,0.1,1.0,1,300,1,6.862391854,
497,Strain A,SC_drop_out,Round_1_central_composite_design,Plate 25,18,F7,29,4.0,35,3.0,1.0,1.25,3.5,0.0,0.1,1.0,3,300,1,7.23314005,
498,Strain A,SC_drop_out,Round_1_central_composite_design,Plate 25,18,F11,29,4.0,35,3.0,1.0,1.25,3.5,0.0,0.1,1.0,4,300,1,7.493194863,
499,Strain A,SC_drop_out,Round_1_central_composite_design,Plate 25,18,G3,29,4.0,35,3.0,1.0,1.25,3.5,0.0,0.1,1.0,2,300,1,7.60782709,
500,Strain A,SC_drop_out,Round_1_central_composite_design,Plate 25,18,A6,30,4.0,35,3.0,1.0,0.75,3.5,0.0,0.5,1.0,1,300,1,6.031886815,
501,Strain A,SC_drop_out,Round_1_central_composite_design,Plate 25,18,D9,30,4.0,35,3.0,1.0,0.75,3.5,0.0,0.5,1.0,2,300,1,8.784176635,
502,Strain A,SC_drop_out,Round_1_central_composite_design,Plate 25,18,E9,30,4.0,35,3.0,1.0,0.75,3.5,0.0,0.5,1.0,4,300,1,8.489910096,
503,Strain A,SC_drop_out,Round_1_central_composite_design,Plate 25,18,H2,30,4.0,35,3.0,1.0,0.75,3.5,0.0,0.5,1.0,3,300,1,9.967967282,
504,Strain A,SC_drop_out,Round_1_central_composite_design,Plate 25,18,A12,31,4.5,25,3.0,1.0,1.0,3.5,0.0,0.6,3.0,1,300,1,6.754777937,
505,Strain A,SC_drop_out,Round_1_central_composite_design,Plate 25,18,B2,31,4.5,25,3.0,1.0,1.0,3.5,0.0,0.6,3.0,2,300,1,6.330691638,
506,Strain A,SC_drop_out,Round_1_central_composite_design,Plate 25,18,D2,31,4.5,25,3.0,1.0,1.0,3.5,0.0,0.6,3.0,4,300,1,8.257768741,
507,Strain A,SC_drop_out,Round_1_central_composite_design,Plate 25,18,H5,31,4.5,25,3.0,1.0,1.0,3.5,0.0,0.6,3.0,3,300,1,9.565278233,
508,Strain A,SC_drop_out,Round_1_central_composite_design,Plate 25,18,E4,32,4.5,25,3.0,1.0,1.0,3.5,0.0,0.3,0.0,3,300,1,5.451035892,
509,Strain A,SC_drop_out,Round_1_central_composite_design,Plate 25,18,F6,32,4.5,25,3.0,1.0,1.0,3.5,0.0,0.3,0.0,1,300,1,7.297576822,
510,Strain A,SC_drop_out,Round_1_central_composite_design,Plate 25,18,H7,32,4.5,25,3.0,1.0,1.0,3.5,0.0,0.3,0.0,2,300,1,8.155554648,
511,Strain A,SC_drop_out,Round_1_central_composite_design,Plate 25,18,B7,33,5.0,35,3.0,1.0,1.25,3.5,0.0,0.1,5.0,4,300,1,6.333391459,
512,Strain A,SC_drop_out,Round_1_central_composite_design,Plate 25,18,E6,33,5.0,35,3.0,1.0,1.25,3.5,0.0,0.1,5.0,3,300,1,7.70221995,
513,Strain A,SC_drop_out,Round_1_central_composite_design,Plate 25,18,F1,33,5.0,35,3.0,1.0,1.25,3.5,0.0,0.1,5.0,2,300,1,8.632698589,
514,Strain A,SC_drop_out,Round_1_central_composite_design,Plate 25,18,G9,33,5.0,35,3.0,1.0,1.25,3.5,0.0,0.1,5.0,1,300,1,8.832699973,
515,Strain A,SC_drop_out,Round_1_central_composite_design,Plate 25,18,A3,34,4.5,25,3.0,1.0,1.0,3.5,0.0,0.3,3.0,2,300,1,5.362948002,
516,Strain A,SC_drop_out,Round_1_central_composite_design,Plate 25,18,C5,34,4.5,25,3.0,1.0,1.0,3.5,0.0,0.3,3.0,4,300,1,6.080534566,
517,Strain A,SC_drop_out,Round_1_central_composite_design,Plate 25,18,D5,34,4.5,25,3.0,1.0,1.0,3.5,0.0,0.3,3.0,1,300,1,6.654263113,
518,Strain A,SC_drop_out,Round_1_central_composite_design,Plate 25,18,H6,34,4.5,25,3.0,1.0,1.0,3.5,0.0,0.3,3.0,3,300,1,10.08131878,
519,Strain A,SC_drop_out,Round_1_central_composite_design,Plate 25,18,D3,35,4.0,35,3.0,1.0,0.75,3.5,0.0,0.1,1.0,4,300,1,6.408833652,
520,Strain A,SC_drop_out,Round_1_central_composite_design,Plate 25,18,D4,35,4.0,35,3.0,1.0,0.75,3.5,0.0,0.1,1.0,3,300,1,4.903083335,
521,Strain A,SC_drop_out,Round_1_central_composite_design,Plate 25,18,D12,35,4.0,35,3.0,1.0,0.75,3.5,0.0,0.1,1.0,2,300,1,7.37847062,
522,Strain A,SC_drop_out,Round_1_central_composite_design,Plate 25,18,H1,35,4.0,35,3.0,1.0,0.75,3.5,0.0,0.1,1.0,1,300,1,7.858638766,
523,Strain A,SC_drop_out,Round_1_central_composite_design,Plate 25,18,B4,36,4.5,25,3.0,1.0,1.375,3.5,0.0,0.3,3.0,2,300,1,6.337424973,
524,Strain A,SC_drop_out,Round_1_central_composite_design,Plate 25,18,B12,36,4.5,25,3.0,1.0,1.375,3.5,0.0,0.3,3.0,3,300,1,8.09075833,
525,Strain A,SC_drop_out,Round_1_central_composite_design,Plate 25,18,F2,36,4.5,25,3.0,1.0,1.375,3.5,0.0,0.3,3.0,4,300,1,8.821971414,
526,Strain A,SC_drop_out,Round_1_central_composite_design,Plate 25,18,G10,36,4.5,25,3.0,1.0,1.375,3.5,0.0,0.3,3.0,1,300,1,9.197956738,
527,Strain A,SC_drop_out,Round_1_central_composite_design,Plate 25,18,A4,37,4.5,25,3.0,1.0,1.0,3.5,0.0,0.3,3.0,1,300,1,4.382282495,
528,Strain A,SC_drop_out,Round_1_central_composite_design,Plate 25,18,B3,37,4.5,25,3.0,1.0,1.0,3.5,0.0,0.3,3.0,3,300,1,5.446861678,
529,Strain A,SC_drop_out,Round_1_central_composite_design,Plate 25,18,D1,37,4.5,25,3.0,1.0,1.0,3.5,0.0,0.3,3.0,2,300,1,6.75278528,
530,Strain A,SC_drop_out,Round_1_central_composite_design,Plate 25,18,G5,37,4.5,25,3.0,1.0,1.0,3.5,0.0,0.3,3.0,4,300,1,9.030928203,
531,Strain A,SC_drop_out,Round_1_central_composite_design,Plate 25,18,A2,38,4.0,15,3.0,1.0,1.25,3.5,0.0,0.5,1.0,1,300,1,6.660199475,
532,Strain A,SC_drop_out,Round_1_central_composite_design,Plate 25,18,D10,38,4.0,15,3.0,1.0,1.25,3.5,0.0,0.5,1.0,2,300,1,9.552646627,
533,Strain A,SC_drop_out,Round_1_central_composite_design,Plate 25,18,G1,38,4.0,15,3.0,1.0,1.25,3.5,0.0,0.5,1.0,3,300,1,8.19746128,
534,Strain A,SC_drop_out,Round_1_central_composite_design,Plate 25,18,G8,38,4.0,15,3.0,1.0,1.25,3.5,0.0,0.5,1.0,4,300,1,8.466188962,
535,Strain A,SC_drop_out,Round_1_central_composite_design,Plate 25,18,A8,39,5.0,15,3.0,1.0,0.75,3.5,0.0,0.5,1.0,3,300,1,3.290797213,
536,Strain A,SC_drop_out,Round_1_central_composite_design,Plate 25,18,E5,39,5.0,15,3.0,1.0,0.75,3.5,0.0,0.5,1.0,1,300,1,5.384362103,
537,Strain A,SC_drop_out,Round_1_central_composite_design,Plate 25,18,E11,39,5.0,15,3.0,1.0,0.75,3.5,0.0,0.5,1.0,2,300,1,7.755700255,
538,Strain A,SC_drop_out,Round_1_central_composite_design,Plate 25,18,H12,39,5.0,15,3.0,1.0,0.75,3.5,0.0,0.5,1.0,4,300,1,8.806656833,
539,Strain A,SC_drop_out,Round_1_central_composite_design,Plate 25,18,B9,40,4.0,15,3.0,1.0,0.75,3.5,0.0,0.5,1.0,4,300,1,6.504509877,
540,Strain A,SC_drop_out,Round_1_central_composite_design,Plate 25,18,C7,40,4.0,15,3.0,1.0,0.75,3.5,0.0,0.5,1.0,3,300,1,5.942349302,
541,Strain A,SC_drop_out,Round_1_central_composite_design,Plate 25,18,D6,40,4.0,15,3.0,1.0,0.75,3.5,0.0,0.5,1.0,2,300,1,7.379774664,
542,Strain A,SC_drop_out,Round_1_central_composite_design,Plate 25,18,G7,40,4.0,15,3.0,1.0,0.75,3.5,0.0,0.5,1.0,1,300,1,8.651765775,
543,Strain A,SC_drop_out,Round_1_central_composite_design,Plate 25,18,C9,41,4.0,35,3.0,1.0,1.25,3.5,0.0,0.1,5.0,2,300,1,8.035569344,
544,Strain A,SC_drop_out,Round_1_central_composite_design,Plate 25,18,F8,41,4.0,35,3.0,1.0,1.25,3.5,0.0,0.1,5.0,3,300,1,8.662352406,
545,Strain A,SC_drop_out,Round_1_central_composite_design,Plate 25,18,F12,41,4.0,35,3.0,1.0,1.25,3.5,0.0,0.1,5.0,4,300,1,8.995047152,
546,Strain A,SC_drop_out,Round_1_central_composite_design,Plate 25,18,G6,41,4.0,35,3.0,1.0,1.25,3.5,0.0,0.1,5.0,1,300,1,8.887208825,
547,Strain A,SC_drop_out,Round_1_central_composite_design,Plate 25,18,A7,42,3.75,25,3.0,1.0,1.0,3.5,0.0,0.3,3.0,4,300,1,6.879976342,
548,Strain A,SC_drop_out,Round_1_central_composite_design,Plate 25,18,B6,42,3.75,25,3.0,1.0,1.0,3.5,0.0,0.3,3.0,2,300,1,7.596817662,
549,Strain A,SC_drop_out,Round_1_central_composite_design,Plate 25,18,C8,42,3.75,25,3.0,1.0,1.0,3.5,0.0,0.3,3.0,3,300,1,7.229418079,
550,Strain A,SC_drop_out,Round_1_central_composite_design,Plate 25,18,E10,42,3.75,25,3.0,1.0,1.0,3.5,0.0,0.3,3.0,1,300,1,7.681324715,
551,Strain A,SC_drop_out,Round_1_central_composite_design,Plate 25,18,A5,43,5.0,15,3.0,1.0,1.25,3.5,0.0,0.1,1.0,3,300,1,1.762615628,
552,Strain A,SC_drop_out,Round_1_central_composite_design,Plate 25,18,B8,43,5.0,15,3.0,1.0,1.25,3.5,0.0,0.1,1.0,2,300,1,3.968443385,
553,Strain A,SC_drop_out,Round_1_central_composite_design,Plate 25,18,C12,43,5.0,15,3.0,1.0,1.25,3.5,0.0,0.1,1.0,4,300,1,8.208231358,
554,Strain A,SC_drop_out,Round_1_central_composite_design,Plate 25,18,D11,43,5.0,15,3.0,1.0,1.25,3.5,0.0,0.1,1.0,1,300,1,8.306099432,
555,Strain A,SC_drop_out,Round_1_central_composite_design,Plate 25,18,B11,44,4.5,25,3.0,1.0,1.0,3.5,0.0,0.0,3.0,3,300,1,5.851103336,
556,Strain A,SC_drop_out,Round_1_central_composite_design,Plate 25,18,D8,44,4.5,25,3.0,1.0,1.0,3.5,0.0,0.0,3.0,1,300,1,6.958028905,
557,Strain A,SC_drop_out,Round_1_central_composite_design,Plate 25,18,F5,44,4.5,25,3.0,1.0,1.0,3.5,0.0,0.0,3.0,4,300,1,6.691854385,
558,Strain A,SC_drop_out,Round_1_central_composite_design,Plate 25,18,H8,44,4.5,25,3.0,1.0,1.0,3.5,0.0,0.0,3.0,2,300,1,7.299200173,
559,Strain A,SC_drop_out,Round_1_central_composite_design,Plate 25,18,B1,45,4.5,15,3.0,1.0,0.5,3.5,0.0,0.0,0.0,2,300,1,1.890045994,
560,Strain A,SC_drop_out,Round_1_central_composite_design,Plate 25,18,E7,45,4.5,15,3.0,1.0,0.5,3.5,0.0,0.0,0.0,3,300,1,3.237407013,
561,Strain A,SC_drop_out,Round_1_central_composite_design,Plate 25,18,F3,45,4.5,15,3.0,1.0,0.5,3.5,0.0,0.0,0.0,4,300,1,3.853870656,
562,Strain A,SC_drop_out,Round_1_central_composite_design,Plate 25,18,F4,45,4.5,15,3.0,1.0,0.5,3.5,0.0,0.0,0.0,1,300,1,4.726970718,
563,Strain A,SC_drop_out,Round_1_central_composite_design,Plate 25,18,C1,46,4.5,15,3.0,1.0,0.625,3.5,0.0,0.0,0.0,1,300,1,3.058165809,
564,Strain A,SC_drop_out,Round_1_central_composite_design,Plate 25,18,C10,46,4.5,15,3.0,1.0,0.625,3.5,0.0,0.0,0.0,4,300,1,5.621763271,
565,Strain A,SC_drop_out,Round_1_central_composite_design,Plate 25,18,H3,46,4.5,15,3.0,1.0,0.625,3.5,0.0,0.0,0.0,2,300,1,6.95846857,
566,Strain A,SC_drop_out,Round_1_central_composite_design,Plate 25,18,H11,46,4.5,15,3.0,1.0,0.625,3.5,0.0,0.0,0.0,3,300,1,7.573291625,
567,Strain A,SC_drop_out,Round_1_central_composite_design,Plate 25,18,C11,47,4.5,15,3.0,1.0,1.0,3.5,0.0,0.0,0.0,2,300,1,6.076178031,
568,Strain A,SC_drop_out,Round_1_central_composite_design,Plate 25,18,E3,47,4.5,15,3.0,1.0,1.0,3.5,0.0,0.0,0.0,3,300,1,4.601507032,
569,Strain A,SC_drop_out,Round_1_central_composite_design,Plate 25,18,E8,47,4.5,15,3.0,1.0,1.0,3.5,0.0,0.0,0.0,4,300,1,5.786996931,
570,Strain A,SC_drop_out,Round_1_central_composite_design,Plate 25,18,G11,47,4.5,15,3.0,1.0,1.0,3.5,0.0,0.0,0.0,1,300,1,7.563127207,
571,Strain A,SC_drop_out,Round_1_central_composite_design,Plate 25,18,D7,48,4.5,35,3.0,1.0,1.25,3.5,0.0,0.5,0.0,4,300,1,8.046389447,
572,Strain A,SC_drop_out,Round_1_central_composite_design,Plate 25,18,E12,48,4.5,35,3.0,1.0,1.25,3.5,0.0,0.5,0.0,3,300,1,8.251345641,
573,Strain A,SC_drop_out,Round_1_central_composite_design,Plate 25,18,G2,48,4.5,35,3.0,1.0,1.25,3.5,0.0,0.5,0.0,2,300,1,8.902086777,
574,Strain A,SC_drop_out,Round_1_central_composite_design,Plate 25,18,H9,48,4.5,35,3.0,1.0,1.25,3.5,0.0,0.5,0.0,1,300,1,9.327408248,
